sample,batch,duplicated,source files,File type,Encoding,Sequences flagged as poor quality,Shortest sequence,Longest sequence,%GC,Per base sequence quality,Per base sequence content,Per sequence GC content,Per base N content,Sequence Length Distribution,Overrepresented sequences,Adapter Content,Kmer Content,"Mapping speed, Million of reads per hour",Number of input reads,Average input read length,Uniquely mapped reads number,Uniquely mapped reads %,Average mapped length,Number of splices: Total,Number of splices: Annotated (sjdb),Number of splices: GT/AG,Number of splices: GC/AG,Number of splices: AT/AC,Number of splices: Non-canonical,"Mismatch rate per base, %",Deletion rate per base,Deletion average length,Insertion rate per base,Insertion average length,Number of reads mapped to multiple loci,% of reads mapped to multiple loci,Number of reads mapped to too many loci,% of reads mapped to too many loci,% of reads unmapped: too many mismatches,% of reads unmapped: too short,% of reads unmapped: other
VM1002,batch5,1,VM1002_ATTACTC-TATAGCC_R1.fastq.gz;VM1002_ATTACTC-TATAGCC_R2.fastq.gz,Conventional,Sanger,0,20,51,46,pass,fail,warn,pass,warn,pass,pass,fail,318.54,35924149,100,30753051,85.61,100.16,4833466,4750656,4795679,34926,2861,0,0.39,0.01,1.43,0.01,1.32,1977421,5.5,26719,0.07,0,8.68,0.13
VM1002,batch2,1,VM1002_ATTACTC-TATAGCC_L001_R1.fastq.gz;VM1002_ATTACTC-TATAGCC_L001_R2.fastq.gz;VM1002_ATTACTC-TATAGCC_L002_R1.fastq.gz;VM1002_ATTACTC-TATAGCC_L002_R2.fastq.gz,Conventional,Sanger,0,20,101,46,pass,fail,warn,pass,warn,pass,pass,fail,312.42,47643824,123,41083783,86.23,123.25,8133515,7974219,8069784,58778,4953,0,0.37,0.01,1.55,0.01,1.41,2526510,5.3,34438,0.07,0,8.28,0.12
VM1002,merged,1,,Conventional,Sanger,0,20,101,46,pass,fail,warn,pass,warn,pass,pass,fail,327.36,83567973,113,71836834,85.96,113.36,12966981,12724875,12865463,93704,7814,0,0.37,0.01,1.51,0.01,1.38,4503931,5.39,61157,0.07,0,8.45,0.12
VM1003,batch5,1,VM1003_ATTACTC-ATAGAGG_R1.fastq.gz;VM1003_ATTACTC-ATAGAGG_R2.fastq.gz,Conventional,Sanger,0,20,51,46,pass,fail,warn,pass,warn,pass,pass,fail,320.06,32805873,100,28410914,86.6,100.28,4784874,4699549,4746741,35414,2719,0,0.31,0.01,1.45,0.01,1.29,2077823,6.33,23538,0.07,0,6.86,0.13
VM1003,batch2,1,VM1003_ATTACTC-ATAGAGG_L001_R1.fastq.gz;VM1003_ATTACTC-ATAGAGG_L001_R2.fastq.gz;VM1003_ATTACTC-ATAGAGG_L002_R1.fastq.gz;VM1003_ATTACTC-ATAGAGG_L002_R2.fastq.gz,Conventional,Sanger,0,20,101,47,pass,fail,warn,pass,warn,pass,pass,fail,319.61,43768210,123,38138415,87.14,123.94,8137577,7969473,8073158,59744,4675,0,0.3,0.01,1.55,0.01,1.37,2674273,6.11,29669,0.07,0,6.57,0.12
VM1003,merged,1,,Conventional,Sanger,0,20,101,47,pass,fail,warn,pass,warn,pass,pass,fail,309.39,76574083,114,66549329,86.91,113.84,12922451,12669022,12819899,95158,7394,0,0.3,0.01,1.51,0.01,1.35,4752096,6.21,53207,0.07,0,6.7,0.12
VM1004,batch5,1,VM1004_GAATTCG-TATAGCC_R1.fastq.gz;VM1004_GAATTCG-TATAGCC_R2.fastq.gz,Conventional,Sanger,0,20,51,47,pass,fail,warn,pass,warn,pass,pass,fail,305.79,23019021,100,19561635,84.98,100.19,2788758,2733277,2767518,19457,1783,0,0.4,0.01,1.35,0.01,1.32,1389547,6.04,17540,0.08,0,8.77,0.14
VM1004,batch3,1,VM1004_GAATTCG-TATAGCC_L001_R1.fastq.gz;VM1004_GAATTCG-TATAGCC_L001_R2.fastq.gz;VM1004_GAATTCG-TATAGCC_L002_R1.fastq.gz;VM1004_GAATTCG-TATAGCC_L002_R2.fastq.gz,Conventional,Sanger,0,20,101,47,pass,fail,warn,pass,warn,pass,pass,fail,311.84,30144998,122,25790197,85.55,122.59,4600611,4495620,4565463,32268,2880,0,0.38,0.02,1.4,0.01,1.4,1754872,5.82,21911,0.07,0,8.42,0.13
VM1004,merged,1,,Conventional,Sanger,0,20,101,47,pass,fail,warn,pass,warn,pass,pass,fail,310.7,53164019,113,45351832,85.31,112.93,7389369,7228897,7332981,51725,4663,0,0.39,0.01,1.38,0.01,1.38,3144419,5.91,39451,0.07,0,8.57,0.13
VM1005,batch5,1,VM1005_GAATTCG-ATAGAGG_R1.fastq.gz;VM1005_GAATTCG-ATAGAGG_R2.fastq.gz,Conventional,Sanger,0,20,51,46,pass,fail,warn,pass,warn,pass,pass,fail,317.3,19566602,100,17090526,87.35,100.29,2649463,2590299,2629923,17953,1587,0,0.35,0.01,1.38,0,1.28,1177552,6.02,15906,0.08,0,6.42,0.14
VM1005,batch3,1,VM1005_GAATTCG-ATAGAGG_L001_R1.fastq.gz;VM1005_GAATTCG-ATAGAGG_L001_R2.fastq.gz;VM1005_GAATTCG-ATAGAGG_L002_R1.fastq.gz;VM1005_GAATTCG-ATAGAGG_L002_R2.fastq.gz,Conventional,Sanger,0,20,101,47,pass,fail,warn,pass,warn,warn,pass,fail,271.1,6852912,195,6139194,89.59,194.1,1958461,1893852,1944064,13136,1261,0,0.3,0.02,1.5,0.01,1.51,341662,4.99,4431,0.06,0,5.26,0.1
VM1005,merged,1,,Conventional,Sanger,0,20,101,46,pass,fail,warn,pass,warn,pass,pass,fail,289.97,26419514,125,23229720,87.93,125.08,4607924,4484151,4573987,31089,2848,0,0.33,0.01,1.44,0.01,1.41,1519214,5.75,20337,0.08,0,6.12,0.13
VM1006,batch5,1,VM1006_GAATTCG-CCTATCC_R1.fastq.gz;VM1006_GAATTCG-CCTATCC_R2.fastq.gz,Conventional,Sanger,0,20,51,46,pass,fail,warn,pass,warn,pass,pass,fail,308.64,20747703,100,17615679,84.9,100.21,2352570,2305378,2334378,16774,1418,0,0.4,0.02,1.34,0,1.28,1073339,5.17,17505,0.08,0,9.68,0.16
VM1006,batch3,1,VM1006_GAATTCG-CCTATCC_L001_R1.fastq.gz;VM1006_GAATTCG-CCTATCC_L001_R2.fastq.gz;VM1006_GAATTCG-CCTATCC_L002_R1.fastq.gz;VM1006_GAATTCG-CCTATCC_L002_R2.fastq.gz,Conventional,Sanger,0,20,101,47,pass,fail,warn,pass,warn,warn,pass,fail,231.54,6688791,194,5848594,87.44,193.88,1589678,1549020,1577479,11246,953,0,0.36,0.03,1.44,0.01,1.47,286960,4.29,4477,0.07,0,8.11,0.09
VM1006,merged,1,,Conventional,Sanger,0,20,101,46,pass,fail,warn,pass,warn,pass,pass,fail,289.65,27436494,123,23464273,85.52,123.56,3942248,3854398,3911857,28020,2371,0,0.38,0.02,1.39,0.01,1.38,1360299,4.96,21982,0.08,0,9.3,0.14
VM1007,batch5,1,VM1007_GAATTCG-GGCTCTG_R1.fastq.gz;VM1007_GAATTCG-GGCTCTG_R2.fastq.gz,Conventional,Sanger,0,20,51,46,pass,fail,warn,pass,warn,pass,pass,fail,308.65,22805687,100,19871752,87.14,100.29,2796651,2740294,2774856,20100,1695,0,0.33,0.01,1.4,0,1.27,1218226,5.34,18745,0.08,0,7.28,0.16
VM1007,batch3,1,VM1007_GAATTCG-GGCTCTG_L001_R1.fastq.gz;VM1007_GAATTCG-GGCTCTG_L001_R2.fastq.gz;VM1007_GAATTCG-GGCTCTG_L002_R1.fastq.gz;VM1007_GAATTCG-GGCTCTG_L002_R2.fastq.gz,Conventional,Sanger,0,20,101,46,pass,fail,warn,pass,warn,warn,pass,fail,278.02,7182109,195,6442553,89.7,194.27,1852845,1803846,1838565,13121,1159,0,0.28,0.02,1.57,0.01,1.48,317358,4.42,4560,0.06,0,5.72,0.1
VM1007,merged,1,,Conventional,Sanger,0,20,101,46,pass,fail,warn,pass,warn,pass,pass,fail,295.77,29987796,123,26314305,87.75,123.3,4649496,4544140,4613421,33221,2854,0,0.31,0.01,1.49,0.01,1.39,1535584,5.12,23305,0.08,0,6.91,0.14
VM1008,batch5,1,VM1008_GAATTCG-AGGCGAA_R1.fastq.gz;VM1008_GAATTCG-AGGCGAA_R2.fastq.gz,Conventional,Sanger,0,20,51,46,pass,fail,warn,pass,warn,pass,pass,fail,318.03,18286895,100,16202230,88.6,100.34,2535595,2487470,2516397,17573,1625,0,0.29,0.01,1.39,0,1.28,1035475,5.66,14485,0.08,0,5.52,0.14
VM1008,batch3,1,VM1008_GAATTCG-AGGCGAA_L001_R1.fastq.gz;VM1008_GAATTCG-AGGCGAA_L001_R2.fastq.gz;VM1008_GAATTCG-AGGCGAA_L002_R1.fastq.gz;VM1008_GAATTCG-AGGCGAA_L002_R2.fastq.gz,Conventional,Sanger,0,20,101,46,pass,fail,warn,pass,warn,warn,pass,fail,277.04,6387270,195,5793186,90.7,194.95,1875766,1824122,1861478,13083,1205,0,0.24,0.02,1.51,0.01,1.47,297133,4.65,3927,0.06,0,4.5,0.09
VM1008,merged,1,,Conventional,Sanger,0,20,101,46,pass,fail,warn,pass,warn,pass,pass,fail,299.08,24674165,125,21995416,89.14,125.26,4411361,4311592,4377875,30656,2830,0,0.27,0.01,1.45,0.01,1.39,1332608,5.4,18412,0.07,0,5.25,0.13
VM1009,batch5,1,VM1009_GAATTCG-TAATCTT_R1.fastq.gz;VM1009_GAATTCG-TAATCTT_R2.fastq.gz,Conventional,Sanger,0,20,51,46,pass,fail,warn,pass,warn,pass,pass,fail,309.18,28255401,100,24823944,87.86,100.32,3809543,3736097,3780841,26364,2338,0,0.34,0.01,1.37,0,1.29,1676136,5.93,21783,0.08,0,5.99,0.14
VM1009,batch3,1,VM1009_GAATTCG-TAATCTT_L001_R1.fastq.gz;VM1009_GAATTCG-TAATCTT_L001_R2.fastq.gz;VM1009_GAATTCG-TAATCTT_L002_R1.fastq.gz;VM1009_GAATTCG-TAATCTT_L002_R2.fastq.gz,Conventional,Sanger,0,20,101,46,pass,fail,warn,pass,warn,warn,pass,fail,279.17,8375039,195,7527252,89.88,194.64,2380804,2316574,2362456,16831,1517,0,0.29,0.02,1.47,0.01,1.49,411053,4.91,4906,0.06,0,5.06,0.09
VM1009,merged,1,,Conventional,Sanger,0,20,101,46,pass,fail,warn,pass,warn,pass,pass,fail,317.76,36630440,122,32351196,88.32,122.26,6190347,6052671,6143297,43195,3855,0,0.32,0.02,1.42,0.01,1.4,2087189,5.7,26689,0.07,0,5.78,0.13
VM1010,batch5,1,VM1010_GAATTCG-CAGGACG_R1.fastq.gz;VM1010_GAATTCG-CAGGACG_R2.fastq.gz,Conventional,Sanger,0,20,51,47,pass,fail,warn,pass,warn,pass,pass,fail,315.86,33516143,100,28937145,86.34,100.25,4761290,4638879,4726570,31790,2930,0,0.38,0.02,1.35,0,1.3,2162506,6.45,28315,0.08,0,6.99,0.14
VM1010,batch3,1,VM1010_GAATTCG-CAGGACG_L001_R1.fastq.gz;VM1010_GAATTCG-CAGGACG_L001_R2.fastq.gz;VM1010_GAATTCG-CAGGACG_L002_R1.fastq.gz;VM1010_GAATTCG-CAGGACG_L002_R2.fastq.gz,Conventional,Sanger,0,20,101,47,pass,fail,warn,pass,warn,pass,pass,fail,309.77,43711947,122,37952315,86.82,122.55,7828087,7588584,7770842,52381,4864,0,0.36,0.02,1.38,0.01,1.4,2706205,6.19,34364,0.08,0,6.77,0.14
VM1010,merged,1,,Conventional,Sanger,0,20,101,47,pass,fail,warn,pass,warn,pass,pass,fail,312.73,77228090,113,66889460,86.61,112.9,12589377,12227463,12497412,84171,7794,0,0.37,0.02,1.37,0.01,1.37,4868711,6.3,62679,0.08,0,6.86,0.14
VM1011,batch5,1,VM1011_GAATTCG-GTACTGA_R1.fastq.gz;VM1011_GAATTCG-GTACTGA_R2.fastq.gz,Conventional,Sanger,0,20,51,46,pass,fail,warn,pass,warn,pass,pass,fail,303.19,26192541,100,23015028,87.87,100.32,3704578,3641040,3675663,26582,2333,0,0.34,0.01,1.36,0,1.28,1620743,6.19,19428,0.07,0,5.73,0.14
VM1011,batch3,1,VM1011_GAATTCG-GTACTGA_L001_R1.fastq.gz;VM1011_GAATTCG-GTACTGA_L001_R2.fastq.gz;VM1011_GAATTCG-GTACTGA_L002_R1.fastq.gz;VM1011_GAATTCG-GTACTGA_L002_R2.fastq.gz,Conventional,Sanger,0,20,101,46,pass,fail,warn,pass,warn,pass,pass,fail,323,33107594,120,29238675,88.31,120.45,5769871,5656872,5724884,41365,3622,0,0.32,0.02,1.41,0.01,1.38,1982194,5.99,23604,0.07,0,5.5,0.13
VM1011,merged,1,,Conventional,Sanger,0,20,101,46,pass,fail,warn,pass,warn,pass,pass,fail,307.17,59300135,111,52253703,88.12,111.58,9474449,9297912,9400547,67947,5955,0,0.33,0.02,1.39,0.01,1.34,3602937,6.08,43032,0.07,0,5.6,0.14
VM1013,batch5,1,VM1013_CTGAAGC-TATAGCC_R1.fastq.gz;VM1013_CTGAAGC-TATAGCC_R2.fastq.gz,Conventional,Sanger,0,20,51,47,pass,fail,warn,pass,warn,pass,pass,fail,316.37,30230675,100,26182209,86.61,100.25,4300661,4223970,4267874,30112,2675,0,0.35,0.01,1.39,0.01,1.32,1812051,5.99,20586,0.07,0,7.19,0.14
VM1013,batch3,1,VM1013_CTGAAGC-TATAGCC_L001_R1.fastq.gz;VM1013_CTGAAGC-TATAGCC_L001_R2.fastq.gz;VM1013_CTGAAGC-TATAGCC_L002_R1.fastq.gz;VM1013_CTGAAGC-TATAGCC_L002_R2.fastq.gz,Conventional,Sanger,0,20,101,47,pass,fail,warn,pass,warn,pass,pass,fail,322.56,39513659,123,34423413,87.12,123.13,7106050,6956677,7052075,49502,4473,0,0.33,0.01,1.47,0.01,1.41,2275379,5.76,25270,0.06,0,6.93,0.13
VM1013,merged,1,,Conventional,Sanger,0,20,101,47,pass,fail,warn,pass,warn,pass,pass,fail,315.03,69744334,113,60605622,86.9,113.25,11406711,11180647,11319949,79614,7148,0,0.34,0.01,1.44,0.01,1.38,4087430,5.86,45856,0.07,0,7.04,0.13
VM1014,batch5,1,VM1014_CTGAAGC-ATAGAGG_R1.fastq.gz;VM1014_CTGAAGC-ATAGAGG_R2.fastq.gz,Conventional,Sanger,0,20,51,47,pass,fail,warn,pass,warn,pass,pass,fail,294.91,27442569,100,23028402,83.91,100.26,3515222,3449420,3488897,24243,2082,0,0.36,0.01,1.37,0,1.28,1722323,6.28,19973,0.07,0,9.6,0.13
VM1014,batch3,1,VM1014_CTGAAGC-ATAGAGG_L001_R1.fastq.gz;VM1014_CTGAAGC-ATAGAGG_L001_R2.fastq.gz;VM1014_CTGAAGC-ATAGAGG_L002_R1.fastq.gz;VM1014_CTGAAGC-ATAGAGG_L002_R2.fastq.gz,Conventional,Sanger,0,20,101,47,pass,fail,warn,pass,warn,pass,pass,fail,301.21,36982161,125,31235917,84.46,125.4,6105194,5972423,6059541,42022,3631,0,0.34,0.02,1.44,0.01,1.38,2227705,6.02,24848,0.07,0,9.33,0.12
VM1014,merged,1,,Conventional,Sanger,0,20,101,47,pass,fail,warn,pass,warn,pass,pass,fail,290.27,64424730,114,54264319,84.23,114.73,9620416,9421843,9548438,66265,5713,0,0.34,0.01,1.42,0.01,1.35,3950028,6.13,44821,0.07,0,9.45,0.13
VM1015,batch4,0,VM1015_TCTCGCG-GTACTGA_R1.fastq.gz;VM1015_TCTCGCG-GTACTGA_R2.fastq.gz,Conventional,Sanger,0,20,101,49,pass,fail,fail,pass,warn,warn,pass,fail,258.85,9275633,194,7992598,86.17,194.02,3025723,2911899,3003611,20316,1796,0,0.37,0.01,1.61,0.01,1.43,553447,5.97,4405,0.05,0,7.73,0.09
VM1016,batch5,1,VM1016_CTGAAGC-GGCTCTG_R1.fastq.gz;VM1016_CTGAAGC-GGCTCTG_R2.fastq.gz,Conventional,Sanger,0,20,51,48,pass,fail,pass,pass,warn,pass,pass,fail,304.79,26753644,100,22500159,84.1,100.17,3766231,3687708,3736985,26997,2249,0,0.4,0.01,1.38,0.01,1.28,1706553,6.38,17970,0.07,0,9.34,0.12
VM1016,batch3,1,VM1016_CTGAAGC-GGCTCTG_L001_R1.fastq.gz;VM1016_CTGAAGC-GGCTCTG_L001_R2.fastq.gz;VM1016_CTGAAGC-GGCTCTG_L002_R1.fastq.gz;VM1016_CTGAAGC-GGCTCTG_L002_R2.fastq.gz,Conventional,Sanger,0,20,101,48,pass,fail,warn,pass,warn,warn,pass,fail,250.49,7305994,197,6322895,86.54,195.98,2184024,2117208,2167248,15458,1318,0,0.33,0.02,1.51,0.01,1.43,379556,5.2,3271,0.04,0,8.15,0.07
VM1016,merged,1,,Conventional,Sanger,0,20,101,48,pass,fail,pass,pass,warn,pass,pass,fail,312.79,34059638,121,28823054,84.63,121.19,5950255,5804916,5904233,42455,3567,0,0.37,0.01,1.44,0.01,1.36,2086109,6.12,21241,0.06,0,9.08,0.11
VM1018,batch5,1,VM1018_CTGAAGC-AGGCGAA_R1.fastq.gz;VM1018_CTGAAGC-AGGCGAA_R2.fastq.gz,Conventional,Sanger,0,20,51,48,pass,fail,warn,pass,warn,pass,pass,fail,320.89,30127653,100,26003907,86.31,100.25,4576527,4485926,4542126,31664,2737,0,0.33,0.01,1.33,0,1.29,1951861,6.48,21179,0.07,0,7.02,0.12
VM1018,batch3,1,VM1018_CTGAAGC-AGGCGAA_L001_R1.fastq.gz;VM1018_CTGAAGC-AGGCGAA_L001_R2.fastq.gz;VM1018_CTGAAGC-AGGCGAA_L002_R1.fastq.gz;VM1018_CTGAAGC-AGGCGAA_L002_R2.fastq.gz,Conventional,Sanger,0,20,101,48,pass,fail,fail,pass,warn,warn,pass,fail,257.89,8309911,196,7354278,88.5,195.5,2687325,2608536,2667583,18103,1639,0,0.27,0.02,1.46,0.01,1.43,443988,5.34,4118,0.05,0,6.03,0.08
VM1018,merged,1,,Conventional,Sanger,0,20,101,48,pass,fail,pass,pass,warn,pass,pass,fail,311.66,38437564,121,33358185,86.79,121.25,7263852,7094462,7209709,49767,4376,0,0.31,0.01,1.39,0.01,1.37,2395849,6.23,25297,0.07,0,6.81,0.11
VM1019,batch5,1,VM1019_CTGAAGC-TAATCTT_R1.fastq.gz;VM1019_CTGAAGC-TAATCTT_R2.fastq.gz,Conventional,Sanger,0,20,51,47,pass,fail,warn,pass,warn,pass,pass,fail,312.01,27213902,100,23464036,86.22,100.27,4247342,4164665,4215718,29066,2558,0,0.35,0.01,1.35,0.01,1.31,1709544,6.28,15934,0.06,0,7.33,0.11
VM1019,batch3,1,VM1019_CTGAAGC-TAATCTT_L001_R1.fastq.gz;VM1019_CTGAAGC-TAATCTT_L001_R2.fastq.gz;VM1019_CTGAAGC-TAATCTT_L002_R1.fastq.gz;VM1019_CTGAAGC-TAATCTT_L002_R2.fastq.gz,Conventional,Sanger,0,20,101,47,pass,fail,warn,pass,warn,warn,pass,fail,258.78,8769692,197,7760529,88.49,196.53,2914369,2830086,2893038,19502,1829,0,0.3,0.02,1.47,0.01,1.43,441567,5.04,3403,0.04,0,6.37,0.07
VM1019,merged,1,,Conventional,Sanger,0,20,101,47,pass,fail,pass,pass,warn,pass,pass,fail,298.48,35983594,124,31224565,86.77,124.2,7161711,6994751,7108756,48568,4387,0,0.33,0.01,1.41,0.01,1.38,2151111,5.98,19337,0.05,0,7.1,0.1
VM1020,batch5,1,VM1020_CTGAAGC-CAGGACG_R1.fastq.gz;VM1020_CTGAAGC-CAGGACG_R2.fastq.gz,Conventional,Sanger,0,20,51,47,pass,fail,warn,pass,warn,pass,pass,fail,297.3,26591632,100,22245898,83.66,100.12,3157916,3092717,3134106,21953,1857,0,0.42,0.01,1.34,0.01,1.31,1610366,6.06,18806,0.07,0,10.08,0.13
VM1020,batch3,1,VM1020_CTGAAGC-CAGGACG_L001_R1.fastq.gz;VM1020_CTGAAGC-CAGGACG_L001_R2.fastq.gz;VM1020_CTGAAGC-CAGGACG_L002_R1.fastq.gz;VM1020_CTGAAGC-CAGGACG_L002_R2.fastq.gz,Conventional,Sanger,0,20,101,47,pass,fail,warn,pass,warn,pass,pass,fail,302.82,33647102,120,28323600,84.18,120.63,4943834,4826136,4906618,34312,2904,0,0.39,0.01,1.4,0.01,1.37,1968358,5.85,22296,0.07,0,9.78,0.12
VM1020,merged,1,,Conventional,Sanger,0,20,101,47,pass,fail,warn,pass,warn,pass,pass,fail,308.48,60238734,112,50569498,83.95,111.61,8101750,7918853,8040724,56265,4761,0,0.4,0.01,1.37,0.01,1.35,3578724,5.94,41102,0.07,0,9.91,0.13
VM1021,batch5,1,VM1021_CTGAAGC-GTACTGA_R1.fastq.gz;VM1021_CTGAAGC-GTACTGA_R2.fastq.gz,Conventional,Sanger,0,20,51,47,pass,fail,warn,pass,warn,pass,pass,fail,276.43,25646199,100,20399641,79.54,100.03,1885613,1827840,1870573,13817,1223,0,0.51,0.01,1.5,0.01,1.31,1297331,5.06,26278,0.1,0,15.11,0.18
VM1021,batch3,1,VM1021_CTGAAGC-GTACTGA_L001_R1.fastq.gz;VM1021_CTGAAGC-GTACTGA_L001_R2.fastq.gz;VM1021_CTGAAGC-GTACTGA_L002_R1.fastq.gz;VM1021_CTGAAGC-GTACTGA_L002_R2.fastq.gz,Conventional,Sanger,0,20,101,48,pass,fail,warn,pass,warn,warn,pass,fail,184.77,6928923,195,5734474,82.76,193.9,1070102,1029861,1061305,8139,658,0,0.45,0.01,1.74,0.01,1.44,306521,4.42,5036,0.07,0,12.63,0.11
VM1021,merged,1,,Conventional,Sanger,0,20,101,48,pass,fail,warn,pass,warn,pass,pass,fail,291.72,32575122,120,26134115,80.23,120.62,2955715,2857701,2931878,21956,1881,0,0.49,0.01,1.62,0.01,1.38,1603852,4.92,31314,0.1,0,14.58,0.17
VM1022,batch5,1,VM1022_TAATGCG-CAGGACG_R1.fastq.gz;VM1022_TAATGCG-CAGGACG_R2.fastq.gz,Conventional,Sanger,0,20,51,48,pass,fail,warn,pass,warn,pass,pass,fail,311.55,42232250,100,35447394,83.93,100.24,5907822,5788628,5863063,41253,3506,0,0.36,0.01,1.46,0.01,1.3,2673403,6.33,27743,0.07,0,9.55,0.12
VM1022,batch3,1,VM1022_TAATGCG-CAGGACG_L001_R1.fastq.gz;VM1022_TAATGCG-CAGGACG_L001_R2.fastq.gz;VM1022_TAATGCG-CAGGACG_L002_R1.fastq.gz;VM1022_TAATGCG-CAGGACG_L002_R2.fastq.gz,Conventional,Sanger,0,20,101,48,pass,fail,warn,pass,warn,pass,pass,fail,309.94,53809763,121,45438054,84.44,121.33,9361094,9141508,9290073,65514,5507,0,0.34,0.01,1.57,0.01,1.37,3272446,6.08,32852,0.06,0,9.31,0.11
VM1022,merged,1,,Conventional,Sanger,0,20,101,48,pass,fail,warn,pass,warn,pass,pass,fail,316.91,96042013,112,80885448,84.22,112.09,15268916,14930136,15153136,106767,9013,0,0.35,0.01,1.53,0.01,1.35,5945849,6.19,60595,0.06,0,9.41,0.11
VM1023,batch5,1,VM1023_TAATGCG-TATAGCC_R1.fastq.gz;VM1023_TAATGCG-TATAGCC_R2.fastq.gz,Conventional,Sanger,0,20,51,49,pass,fail,pass,pass,warn,pass,pass,fail,300.02,24085282,100,19860387,82.46,100.12,3444401,3378615,3418082,24104,2215,0,0.43,0.01,1.44,0.01,1.35,1527485,6.34,17019,0.07,0,11.01,0.12
VM1023,batch3,1,VM1023_TAATGCG-TATAGCC_L001_R1.fastq.gz;VM1023_TAATGCG-TATAGCC_L001_R2.fastq.gz;VM1023_TAATGCG-TATAGCC_L002_R1.fastq.gz;VM1023_TAATGCG-TATAGCC_L002_R2.fastq.gz,Conventional,Sanger,0,20,101,49,pass,fail,fail,pass,warn,warn,pass,fail,232.25,6967422,197,5901688,84.7,196.05,2119260,2061415,2103349,14584,1327,0,0.35,0.01,1.68,0.01,1.42,366830,5.26,2711,0.04,0,9.9,0.09
VM1023,merged,1,,Conventional,Sanger,0,20,101,49,pass,fail,pass,pass,warn,pass,pass,fail,298.9,31052704,122,25762075,82.96,122.09,5563661,5440030,5521431,38688,3542,0,0.4,0.01,1.56,0.01,1.39,1894315,6.1,19730,0.06,0,10.76,0.11
VM1024,batch5,1,VM1024_TAATGCG-ATAGAGG_R1.fastq.gz;VM1024_TAATGCG-ATAGAGG_R2.fastq.gz,Conventional,Sanger,0,20,51,50,pass,fail,warn,pass,warn,pass,pass,fail,278.16,24493291,100,18724863,76.45,99.94,2914982,2848779,2892272,20994,1716,0,0.53,0.01,1.47,0.01,1.31,1446727,5.91,16086,0.07,0,17.47,0.11
VM1024,batch3,1,VM1024_TAATGCG-ATAGAGG_L001_R1.fastq.gz;VM1024_TAATGCG-ATAGAGG_L001_R2.fastq.gz;VM1024_TAATGCG-ATAGAGG_L002_R1.fastq.gz;VM1024_TAATGCG-ATAGAGG_L002_R2.fastq.gz,Conventional,Sanger,0,20,101,50,pass,fail,fail,pass,warn,warn,pass,fail,209.06,7433190,196,5841442,78.59,195.32,1871809,1811626,1857620,13082,1107,0,0.42,0.01,1.65,0.01,1.42,373291,5.02,3196,0.04,0,16.28,0.07
VM1024,merged,1,,Conventional,Sanger,0,20,101,50,pass,fail,warn,pass,warn,pass,pass,fail,261.22,31926481,123,24566305,76.95,122.62,4786791,4660405,4749892,34076,2823,0,0.49,0.01,1.57,0.01,1.37,1820018,5.7,19282,0.06,0,17.2,0.1
VM1025,batch5,1,VM1025_TAATGCG-CCTATCC_R1.fastq.gz;VM1025_TAATGCG-CCTATCC_R2.fastq.gz,Conventional,Sanger,0,20,51,48,pass,fail,warn,pass,warn,pass,pass,fail,296.87,32820106,100,26516489,80.79,100.11,3479904,3396092,3452612,25297,1995,0,0.44,0.01,1.48,0.01,1.3,1991665,6.07,28772,0.09,0,12.91,0.14
VM1025,batch3,1,VM1025_TAATGCG-CCTATCC_L001_R1.fastq.gz;VM1025_TAATGCG-CCTATCC_L001_R2.fastq.gz;VM1025_TAATGCG-CCTATCC_L002_R1.fastq.gz;VM1025_TAATGCG-CCTATCC_L002_R2.fastq.gz,Conventional,Sanger,0,20,101,48,pass,fail,fail,pass,warn,warn,pass,fail,218.98,10827239,196,9059297,83.67,195.48,2434390,2355134,2415976,17003,1411,0,0.37,0.01,1.73,0.01,1.42,559737,5.17,5730,0.05,0,11.02,0.08
VM1025,merged,1,,Conventional,Sanger,0,20,101,48,pass,fail,warn,pass,warn,pass,pass,fail,282.1,43647345,124,35575786,81.51,124.39,5914294,5751226,5868588,42300,3406,0,0.41,0.01,1.62,0.01,1.37,2551402,5.85,34502,0.08,0,12.44,0.13
VM1026,batch5,1,VM1026_TAATGCG-GGCTCTG_R1.fastq.gz;VM1026_TAATGCG-GGCTCTG_R2.fastq.gz,Conventional,Sanger,0,20,51,48,pass,fail,pass,pass,warn,pass,pass,fail,298.68,27627643,100,22088019,79.95,100.04,3534070,3447733,3508019,23828,2223,0,0.46,0.01,1.45,0.01,1.34,1708339,6.18,17865,0.06,0,13.7,0.1
VM1026,batch3,1,VM1026_TAATGCG-GGCTCTG_L001_R1.fastq.gz;VM1026_TAATGCG-GGCTCTG_L001_R2.fastq.gz;VM1026_TAATGCG-GGCTCTG_L002_R1.fastq.gz;VM1026_TAATGCG-GGCTCTG_L002_R2.fastq.gz,Conventional,Sanger,0,20,101,48,pass,fail,fail,pass,warn,warn,pass,fail,227.95,8421581,197,7046895,83.68,195.96,2312534,2231984,2295404,15661,1469,0,0.39,0.01,1.65,0.01,1.4,421244,5,3162,0.04,0,11.21,0.07
VM1026,merged,1,,Conventional,Sanger,0,20,101,48,pass,fail,pass,pass,warn,pass,pass,fail,291.63,36049224,123,29134914,80.82,123.24,5846604,5679717,5803423,39489,3692,0,0.43,0.01,1.56,0.01,1.38,2129583,5.91,21027,0.06,0,13.12,0.09
VM1027,batch5,1,VM1027_TAATGCG-AGGCGAA_R1.fastq.gz;VM1027_TAATGCG-AGGCGAA_R2.fastq.gz,Conventional,Sanger,0,20,51,49,pass,fail,pass,pass,warn,pass,pass,fail,301.95,24827106,100,20151039,81.17,100.1,3416287,3347531,3389663,24562,2062,0,0.42,0.01,1.48,0.01,1.31,1586894,6.39,16920,0.07,0,12.27,0.1
VM1027,batch3,1,VM1027_TAATGCG-AGGCGAA_L001_R1.fastq.gz;VM1027_TAATGCG-AGGCGAA_L001_R2.fastq.gz;VM1027_TAATGCG-AGGCGAA_L002_R1.fastq.gz;VM1027_TAATGCG-AGGCGAA_L002_R2.fastq.gz,Conventional,Sanger,0,20,101,49,pass,fail,fail,pass,warn,warn,pass,fail,229.63,7909437,197,6634782,83.88,196.36,2324987,2257528,2307080,16530,1377,0,0.33,0.01,1.67,0.01,1.4,410470,5.19,3182,0.04,0,10.82,0.07
VM1027,merged,1,,Conventional,Sanger,0,20,101,49,pass,fail,warn,pass,warn,pass,pass,fail,280.6,32736543,124,26785821,81.82,123.94,5741274,5605059,5696743,41092,3439,0,0.39,0.01,1.58,0.01,1.36,1997364,6.1,20102,0.06,0,11.92,0.09
VM1029,batch5,1,VM1029_TAATGCG-TAATCTT_R1.fastq.gz;VM1029_TAATGCG-TAATCTT_R2.fastq.gz,Conventional,Sanger,0,20,51,48,pass,fail,pass,pass,warn,pass,pass,fail,301.19,26689033,100,21936496,82.19,100.14,3384018,3322029,3358320,23609,2089,0,0.43,0.01,1.43,0.01,1.31,1676042,6.28,16644,0.06,0,11.35,0.12
VM1029,batch3,1,VM1029_TAATGCG-TAATCTT_L001_R1.fastq.gz;VM1029_TAATGCG-TAATCTT_L001_R2.fastq.gz;VM1029_TAATGCG-TAATCTT_L002_R1.fastq.gz;VM1029_TAATGCG-TAATCTT_L002_R2.fastq.gz,Conventional,Sanger,0,20,101,48,pass,fail,fail,pass,warn,warn,pass,fail,241.42,8181433,196,6919779,84.58,195.43,2195772,2141001,2179311,15154,1307,0,0.36,0.01,1.62,0.01,1.41,433766,5.3,3599,0.04,0,10.01,0.07
VM1029,merged,1,,Conventional,Sanger,0,20,101,48,pass,fail,pass,pass,warn,pass,pass,fail,274.09,34870466,123,28856275,82.75,122.99,5579790,5463030,5537631,38763,3396,0,0.41,0.01,1.53,0.01,1.36,2109808,6.05,20243,0.06,0,11.03,0.1
VM1030,batch4,1,VM1030_CGGCTAT-TATAGCC_R1.fastq.gz;VM1030_CGGCTAT-TATAGCC_R2.fastq.gz,Conventional,Sanger,0,20,101,50,pass,fail,fail,pass,warn,warn,pass,fail,233.95,12087204,194,9716331,80.39,192.17,3204511,3108019,3181210,21457,1844,0,0.56,0.01,1.55,0.02,1.39,765120,6.33,5494,0.05,0,13.17,0.06
VM1030,batch5,1,VM1030_CGGCTAT-TATAGCC_R1.fastq.gz;VM1030_CGGCTAT-TATAGCC_R2.fastq.gz,Conventional,Sanger,0,20,51,50,pass,fail,warn,pass,warn,pass,pass,fail,280.79,24257130,100,18903767,77.93,99.86,3104861,3036846,3082191,20818,1852,0,0.63,0.01,1.38,0.01,1.34,1673015,6.9,13881,0.06,0,15.02,0.09
VM1030,merged,1,,Conventional,Sanger,0,20,101,50,pass,fail,pass,pass,warn,pass,pass,fail,257.56,36344334,131,28620098,78.75,131.2,6309372,6144865,6263401,42275,3696,0,0.59,0.01,1.49,0.01,1.37,2438135,6.71,19375,0.05,0,14.41,0.08
VM1032,batch4,1,VM1032_CGGCTAT-ATAGAGG_R1.fastq.gz;VM1032_CGGCTAT-ATAGAGG_R2.fastq.gz,Conventional,Sanger,0,20,101,49,pass,fail,warn,pass,warn,warn,pass,fail,242.66,8223501,195,6829016,83.04,194.04,1941036,1890415,1925943,13865,1228,0,0.45,0.01,1.58,0.02,1.38,430978,5.24,3794,0.05,0,11.6,0.07
VM1032,batch5,1,VM1032_CGGCTAT-ATAGAGG_R1.fastq.gz;VM1032_CGGCTAT-ATAGAGG_R2.fastq.gz,Conventional,Sanger,0,20,51,48,pass,fail,pass,pass,warn,pass,pass,fail,279.41,13893045,100,11210726,80.69,99.95,1562465,1533036,1550440,11098,927,0,0.51,0.01,1.4,0.01,1.33,814779,5.86,8897,0.06,0,13.26,0.12
VM1032,merged,1,,Conventional,Sanger,0,20,101,48,pass,fail,pass,pass,warn,pass,pass,fail,257.67,22116546,136,18039742,81.57,135.57,3503501,3423451,3476383,24963,2155,0,0.48,0.01,1.53,0.01,1.37,1245757,5.63,12691,0.06,0,12.64,0.1
VM1033,batch4,1,VM1033_CGGCTAT-CCTATCC_R1.fastq.gz;VM1033_CGGCTAT-CCTATCC_R2.fastq.gz,Conventional,Sanger,0,20,101,47,pass,fail,warn,pass,warn,warn,pass,fail,272.43,8551251,196,7478511,87.46,195.2,2088647,2034875,2072247,15190,1210,0,0.36,0.01,1.63,0.01,1.41,381780,4.46,4169,0.05,0,7.96,0.08
VM1033,batch5,1,VM1033_CGGCTAT-CCTATCC_R1.fastq.gz;VM1033_CGGCTAT-CCTATCC_R2.fastq.gz,Conventional,Sanger,0,20,51,47,pass,fail,warn,pass,warn,pass,pass,fail,263.62,16330061,100,13951446,85.43,100.16,1888043,1850242,1872922,14012,1109,0,0.4,0.01,1.43,0.01,1.3,829237,5.08,10454,0.06,0,9.28,0.14
VM1033,merged,1,,Conventional,Sanger,0,20,101,47,pass,fail,warn,pass,warn,pass,pass,fail,268.99,24881312,133,21429957,86.13,133.32,3976690,3885117,3945169,29202,2319,0,0.38,0.01,1.56,0.01,1.37,1211017,4.87,14623,0.06,0,8.82,0.12
VM1034,batch4,1,VM1034_CGGCTAT-GGCTCTG_R1.fastq.gz;VM1034_CGGCTAT-GGCTCTG_R2.fastq.gz,Conventional,Sanger,0,20,101,49,pass,fail,pass,pass,warn,warn,pass,fail,230.46,9474430,196,7817503,82.51,194.29,2159849,2099433,2143182,15345,1322,0,0.48,0.02,1.59,0.02,1.38,445512,4.7,4371,0.05,0,12.67,0.07
VM1034,batch5,1,VM1034_CGGCTAT-GGCTCTG_R1.fastq.gz;VM1034_CGGCTAT-GGCTCTG_R2.fastq.gz,Conventional,Sanger,0,20,51,49,pass,fail,pass,pass,warn,pass,pass,fail,284.48,19518258,100,15593765,79.89,99.88,2100475,2056831,2083972,15149,1354,0,0.57,0.01,1.41,0.01,1.32,1016439,5.21,12288,0.06,0,14.71,0.12
VM1034,merged,1,,Conventional,Sanger,0,20,101,49,pass,fail,pass,pass,warn,pass,pass,fail,274.67,28992688,132,23411268,80.75,131.41,4260324,4156264,4227154,30494,2676,0,0.53,0.01,1.53,0.01,1.36,1461951,5.04,16659,0.06,0,14.05,0.11
VM1035,batch4,1,VM1035_CGGCTAT-AGGCGAA_R1.fastq.gz;VM1035_CGGCTAT-AGGCGAA_R2.fastq.gz,Conventional,Sanger,0,20,101,49,pass,fail,fail,pass,warn,warn,pass,fail,224.46,10350062,195,8437061,81.52,193.5,2198607,2120342,2181719,15603,1285,0,0.49,0.01,1.61,0.02,1.38,585376,5.66,5456,0.05,0,12.69,0.08
VM1035,batch5,1,VM1035_CGGCTAT-AGGCGAA_R1.fastq.gz;VM1035_CGGCTAT-AGGCGAA_R2.fastq.gz,Conventional,Sanger,0,20,51,49,pass,fail,pass,pass,warn,pass,pass,fail,283.63,19066445,100,15038996,78.88,99.9,1930698,1879804,1915665,13930,1103,0,0.56,0.01,1.41,0.01,1.3,1182773,6.2,12956,0.07,0,14.72,0.13
VM1035,merged,1,,Conventional,Sanger,0,20,101,49,pass,fail,pass,pass,warn,pass,pass,fail,262.13,29416507,134,23476057,79.81,133.54,4129305,4000146,4097384,29533,2388,0,0.52,0.01,1.55,0.01,1.35,1768149,6.01,18412,0.06,0,14.01,0.11
VM1036,batch4,1,VM1036_CGGCTAT-TAATCTT_R1.fastq.gz;VM1036_CGGCTAT-TAATCTT_R2.fastq.gz,Conventional,Sanger,0,20,101,47,pass,fail,warn,pass,warn,warn,pass,fail,266.07,9090864,195,7827344,86.1,194.34,1850509,1789953,1836227,13145,1137,0,0.35,0.01,1.66,0.01,1.4,440301,4.84,5623,0.06,0,8.9,0.1
VM1036,batch5,1,VM1036_CGGCTAT-TAATCTT_R1.fastq.gz;VM1036_CGGCTAT-TAATCTT_R2.fastq.gz,Conventional,Sanger,0,20,51,47,pass,fail,warn,pass,warn,pass,pass,fail,299.39,15302321,100,12875086,84.14,100.17,1477799,1443561,1466404,10484,911,0,0.4,0.01,1.45,0.01,1.29,830048,5.42,12301,0.08,0,10.19,0.17
VM1036,merged,1,,Conventional,Sanger,0,20,101,47,pass,fail,warn,pass,warn,pass,pass,fail,266.92,24393185,136,20702430,84.87,135.78,3328308,3233514,3302631,23629,2048,0,0.37,0.01,1.59,0.01,1.37,1270349,5.21,17924,0.07,0,9.71,0.14
VM1037,batch4,1,VM1037_CGGCTAT-CAGGACG_R1.fastq.gz;VM1037_CGGCTAT-CAGGACG_R2.fastq.gz,Conventional,Sanger,0,20,101,49,pass,fail,fail,pass,warn,warn,pass,fail,234.32,10153659,194,8311607,81.86,192.48,2314882,2248319,2297195,16172,1515,0,0.46,0.01,1.57,0.02,1.37,585400,5.77,5688,0.06,0,12.24,0.08
VM1037,batch5,1,VM1037_CGGCTAT-CAGGACG_R1.fastq.gz;VM1037_CGGCTAT-CAGGACG_R2.fastq.gz,Conventional,Sanger,0,20,51,49,pass,fail,pass,pass,warn,pass,pass,fail,285.47,21093048,100,16801164,79.65,99.95,2308281,2260273,2290731,16148,1402,0,0.53,0.01,1.39,0.01,1.27,1314279,6.23,14109,0.07,0,13.92,0.13
VM1037,merged,1,,Conventional,Sanger,0,20,101,49,pass,fail,pass,pass,warn,pass,pass,fail,264.06,31246707,131,25112771,80.37,130.58,4623163,4508592,4587926,32320,2917,0,0.5,0.01,1.5,0.01,1.33,1899679,6.08,19797,0.06,0,13.37,0.12
VM1038,batch4,1,VM1038_CGGCTAT-GTACTGA_R1.fastq.gz;VM1038_CGGCTAT-GTACTGA_R2.fastq.gz,Conventional,Sanger,0,20,101,48,pass,fail,fail,pass,warn,warn,pass,fail,236.84,8684210,193,7248515,83.47,192.03,1894470,1841869,1879973,13329,1168,0,0.45,0.01,1.56,0.02,1.38,508010,5.85,5333,0.06,0,10.53,0.09
VM1038,batch5,1,VM1038_CGGCTAT-GTACTGA_R1.fastq.gz;VM1038_CGGCTAT-GTACTGA_R2.fastq.gz,Conventional,Sanger,0,20,51,48,pass,fail,pass,pass,warn,pass,pass,fail,296.56,17216746,100,14011841,81.38,99.99,1813791,1775370,1800123,12540,1128,0,0.52,0.01,1.39,0.01,1.3,1079885,6.27,13076,0.08,0,12.12,0.14
VM1038,merged,1,,Conventional,Sanger,0,20,101,48,pass,fail,pass,pass,warn,pass,pass,fail,256.87,25900956,131,21260356,82.08,131.37,3708261,3617239,3680096,25869,2296,0,0.49,0.01,1.5,0.01,1.35,1587895,6.13,18409,0.07,0,11.59,0.13
VM1039,batch4,1,VM1039_TCCGCGA-TATAGCC_R1.fastq.gz;VM1039_TCCGCGA-TATAGCC_R2.fastq.gz,Conventional,Sanger,0,20,101,47,pass,fail,warn,pass,warn,warn,pass,fail,238.58,10139576,192,8601963,84.84,191.45,2206655,2146597,2189406,15989,1260,0,0.35,0.01,1.68,0.01,1.43,519311,5.12,7349,0.07,0,9.87,0.1
VM1039,batch5,1,VM1039_TCCGCGA-TATAGCC_R1.fastq.gz;VM1039_TCCGCGA-TATAGCC_R2.fastq.gz,Conventional,Sanger,0,20,51,47,pass,fail,warn,pass,warn,pass,pass,fail,290.38,14357473,100,11970374,83.37,100.22,1517132,1485274,1505176,11073,883,0,0.39,0.01,1.45,0.01,1.29,814034,5.67,11404,0.08,0,10.71,0.17
VM1039,merged,1,,Conventional,Sanger,0,20,101,47,pass,fail,warn,pass,warn,pass,pass,fail,244.29,24497049,138,20572337,83.98,138.36,3723787,3631871,3694582,27062,2143,0,0.37,0.01,1.6,0.01,1.39,1333345,5.44,18753,0.08,0,10.36,0.14
VM1040,batch4,1,VM1040_TCCGCGA-ATAGAGG_R1.fastq.gz;VM1040_TCCGCGA-ATAGAGG_R2.fastq.gz,Conventional,Sanger,0,20,101,49,pass,fail,warn,pass,warn,warn,pass,fail,247.71,13348895,193,10981364,82.26,192.52,3487011,3385122,3459379,25594,2038,0,0.4,0.01,1.64,0.01,1.41,750915,5.63,8322,0.06,0,11.97,0.08
VM1040,batch5,1,VM1040_TCCGCGA-ATAGAGG_R1.fastq.gz;VM1040_TCCGCGA-ATAGAGG_R2.fastq.gz,Conventional,Sanger,0,20,51,49,pass,fail,fail,pass,warn,pass,pass,fail,278.85,17196016,100,13839462,80.48,100.11,2162812,2116855,2145604,16028,1180,0,0.47,0.01,1.46,0.01,1.27,1078076,6.27,13102,0.08,0,13.05,0.12
VM1040,merged,1,,Conventional,Sanger,0,20,101,49,pass,fail,pass,pass,warn,pass,pass,fail,251.05,30544911,141,24820826,81.26,140.99,5649823,5501977,5604983,41622,3218,0,0.43,0.01,1.59,0.01,1.37,1828991,5.99,21424,0.07,0,12.58,0.1
VM1041,batch4,1,VM1041_TCCGCGA-CCTATCC_R1.fastq.gz;VM1041_TCCGCGA-CCTATCC_R2.fastq.gz,Conventional,Sanger,0,20,101,47,pass,fail,warn,pass,warn,warn,pass,fail,290.39,11131628,195,9861262,88.59,194.42,2692436,2617770,2671973,18850,1613,0,0.27,0.01,1.66,0.01,1.41,579912,5.21,6576,0.06,0,6.05,0.09
VM1041,batch5,1,VM1041_TCCGCGA-CCTATCC_R1.fastq.gz;VM1041_TCCGCGA-CCTATCC_R2.fastq.gz,Conventional,Sanger,0,20,51,47,pass,fail,warn,pass,warn,pass,pass,fail,278.03,14750933,100,12814819,86.87,100.3,1698348,1664600,1685268,12017,1063,0,0.31,0.01,1.45,0.01,1.28,890706,6.04,10528,0.07,0,6.85,0.17
VM1041,merged,1,,Conventional,Sanger,0,20,101,47,pass,fail,warn,pass,warn,pass,pass,fail,263.96,25882561,141,22676081,87.61,141.23,4390784,4282370,4357241,30867,2676,0,0.28,0.01,1.6,0.01,1.37,1470618,5.68,17104,0.07,0,6.5,0.14
VM1042,batch4,1,VM1042_TCCGCGA-GGCTCTG_R1.fastq.gz;VM1042_TCCGCGA-GGCTCTG_R2.fastq.gz,Conventional,Sanger,0,20,101,47,pass,fail,warn,pass,warn,warn,pass,fail,272.22,14064945,193,12163066,86.48,192.71,3084693,2995165,3060660,22108,1925,0,0.36,0.01,1.64,0.01,1.41,717176,5.1,9224,0.07,0,8.27,0.09
VM1042,batch5,1,VM1042_TCCGCGA-GGCTCTG_R1.fastq.gz;VM1042_TCCGCGA-GGCTCTG_R2.fastq.gz,Conventional,Sanger,0,20,51,47,pass,fail,warn,pass,warn,pass,pass,fail,300.88,26159722,100,22089182,84.44,100.15,2744329,2684435,2723301,19352,1676,0,0.41,0.01,1.43,0.01,1.29,1488939,5.69,19915,0.08,0,9.64,0.16
VM1042,merged,1,,Conventional,Sanger,0,20,101,47,pass,fail,warn,pass,warn,pass,pass,fail,267.17,40224667,133,34252248,85.15,133.02,5829022,5679600,5783961,41460,3601,0,0.39,0.01,1.56,0.01,1.37,2206115,5.48,29139,0.07,0,9.16,0.13
VM1043,batch4,1,VM1043_TCCGCGA-AGGCGAA_R1.fastq.gz;VM1043_TCCGCGA-AGGCGAA_R2.fastq.gz,Conventional,Sanger,0,20,101,47,pass,fail,warn,pass,warn,warn,pass,fail,273.1,9103423,194,7971359,87.56,193.62,2219780,2153210,2202783,15600,1397,0,0.3,0.01,1.64,0.01,1.42,445941,4.9,6055,0.07,0,7.37,0.1
VM1043,batch5,1,VM1043_TCCGCGA-AGGCGAA_R1.fastq.gz;VM1043_TCCGCGA-AGGCGAA_R2.fastq.gz,Conventional,Sanger,0,20,51,47,pass,fail,warn,pass,warn,pass,pass,fail,296.37,13830794,100,11854089,85.71,100.25,1610034,1575081,1598119,10916,999,0,0.34,0.01,1.46,0.01,1.27,782541,5.66,10762,0.08,0,8.4,0.16
VM1043,merged,1,,Conventional,Sanger,0,20,101,47,pass,fail,warn,pass,warn,pass,pass,fail,250.19,22934217,137,19825448,86.44,137.79,3829814,3728291,3800902,26516,2396,0,0.31,0.01,1.58,0.01,1.38,1228482,5.36,16817,0.07,0,7.99,0.13
VM1051,batch4,1,VM1051_TCCGCGA-TAATCTT_R1.fastq.gz;VM1051_TCCGCGA-TAATCTT_R2.fastq.gz,Conventional,Sanger,0,20,101,47,pass,fail,warn,pass,warn,warn,pass,fail,244.78,10267250,193,8928361,86.96,192.34,2122711,2067124,2105925,15478,1308,0,0.36,0.01,1.65,0.01,1.42,459231,4.47,7463,0.07,0,8.39,0.1
VM1051,batch5,1,VM1051_TCCGCGA-TAATCTT_R1.fastq.gz;VM1051_TCCGCGA-TAATCTT_R2.fastq.gz,Conventional,Sanger,0,20,51,47,pass,fail,warn,pass,warn,pass,pass,fail,287.63,14301612,100,12180050,85.17,100.22,1426179,1396099,1414953,10337,889,0,0.4,0.01,1.44,0.01,1.28,723848,5.06,11914,0.08,0,9.51,0.18
VM1051,merged,1,,Conventional,Sanger,0,20,101,47,pass,fail,warn,pass,warn,pass,pass,fail,245.01,24568862,139,21108411,85.92,139.19,3548890,3463223,3520878,25815,2197,0,0.38,0.01,1.59,0.01,1.38,1183079,4.82,19377,0.08,0,9.05,0.15
VM1052,batch4,1,VM1052_TCCGCGA-CAGGACG_R1.fastq.gz;VM1052_TCCGCGA-CAGGACG_R2.fastq.gz,Conventional,Sanger,0,20,101,47,pass,fail,warn,pass,warn,warn,pass,fail,278.03,11043998,193,9763213,88.4,192.67,2941572,2855311,2919739,20165,1668,0,0.29,0.01,1.63,0.01,1.43,601772,5.45,7447,0.07,0,5.98,0.1
VM1052,batch5,1,VM1052_TCCGCGA-CAGGACG_R1.fastq.gz;VM1052_TCCGCGA-CAGGACG_R2.fastq.gz,Conventional,Sanger,0,20,51,47,pass,fail,warn,pass,warn,pass,pass,fail,299.39,16882206,100,14612803,86.56,100.27,2148756,2104737,2132513,15004,1239,0,0.33,0.01,1.45,0.01,1.27,1031669,6.11,14356,0.09,0,7.09,0.16
VM1052,merged,1,,Conventional,Sanger,0,20,101,47,pass,fail,warn,pass,warn,pass,pass,fail,253.87,27926204,137,24376016,87.29,137.28,5090328,4960048,5052252,35169,2907,0,0.31,0.01,1.57,0.01,1.38,1633441,5.85,21803,0.08,0,6.65,0.13
VM1054,batch4,1,VM1054_TCCGCGA-GTACTGA_R1.fastq.gz;VM1054_TCCGCGA-GTACTGA_R2.fastq.gz,Conventional,Sanger,0,20,101,48,pass,fail,warn,pass,warn,warn,pass,fail,146.33,8983185,192,7763835,86.43,191.67,2439985,2381330,2421124,17514,1347,0,0.35,0.01,1.59,0.01,1.4,493341,5.49,5719,0.06,0,7.93,0.09
VM1054,batch5,1,VM1054_TCCGCGA-GTACTGA_R1.fastq.gz;VM1054_TCCGCGA-GTACTGA_R2.fastq.gz,Conventional,Sanger,0,20,51,48,pass,fail,warn,pass,warn,pass,pass,fail,302.84,17328953,100,14687987,84.76,100.17,2277477,2236667,2259917,16255,1305,0,0.4,0.01,1.43,0.01,1.28,1037240,5.99,13458,0.08,0,9.04,0.14
VM1054,merged,1,,Conventional,Sanger,0,20,101,48,pass,fail,pass,pass,warn,pass,pass,fail,265.33,26312138,132,22451822,85.33,131.81,4717462,4617997,4681041,33769,2652,0,0.37,0.01,1.53,0.01,1.36,1530581,5.82,19177,0.07,0,8.66,0.12
VM1058,batch4,1,VM1058_TCTCGCG-TATAGCC_R1.fastq.gz;VM1058_TCTCGCG-TATAGCC_R2.fastq.gz,Conventional,Sanger,0,20,101,47,pass,fail,warn,pass,warn,warn,pass,fail,269.26,10620691,194,9372273,88.25,194.2,2987492,2896965,2964939,20676,1877,0,0.28,0.01,1.69,0.01,1.41,553444,5.21,5571,0.05,0,6.4,0.09
VM1058,batch5,1,VM1058_TCTCGCG-TATAGCC_R1.fastq.gz;VM1058_TCTCGCG-TATAGCC_R2.fastq.gz,Conventional,Sanger,0,20,51,47,pass,fail,warn,pass,warn,pass,pass,fail,303.55,14587178,100,12635062,86.62,100.36,1954070,1912129,1939392,13498,1180,0,0.31,0.01,1.47,0.01,1.27,876776,6.01,9813,0.07,0,7.17,0.13
VM1058,merged,1,,Conventional,Sanger,0,20,101,47,pass,fail,warn,pass,warn,pass,pass,fail,256.35,25207869,140,22007335,87.3,140.32,4941562,4809094,4904331,34174,3057,0,0.29,0.01,1.62,0.01,1.37,1430220,5.67,15384,0.06,0,6.85,0.11
VM1059,batch4,1,VM1059_TCTCGCG-ATAGAGG_R1.fastq.gz;VM1059_TCTCGCG-ATAGAGG_R2.fastq.gz,Conventional,Sanger,0,20,101,48,pass,fail,fail,pass,warn,warn,pass,fail,264.88,10227325,193,8917062,87.19,192.78,2758658,2683626,2738118,18872,1668,0,0.33,0.01,1.66,0.01,1.41,572484,5.6,5950,0.06,0,7.07,0.08
VM1059,batch5,1,VM1059_TCTCGCG-ATAGAGG_R1.fastq.gz;VM1059_TCTCGCG-ATAGAGG_R2.fastq.gz,Conventional,Sanger,0,20,51,48,pass,fail,warn,pass,warn,pass,pass,fail,298.21,14579233,100,12460566,85.47,100.25,1892971,1855686,1878780,13090,1101,0,0.37,0.01,1.45,0.01,1.27,919595,6.31,10262,0.07,0,8.01,0.14
VM1059,merged,1,,Conventional,Sanger,0,20,101,48,pass,fail,warn,pass,warn,pass,pass,fail,248.76,24806558,139,21377628,86.18,138.85,4651629,4539312,4616898,31962,2769,0,0.35,0.01,1.6,0.01,1.37,1492079,6.01,16212,0.07,0,7.62,0.12
VM1062,batch4,1,VM1062_TCTCGCG-CCTATCC_R1.fastq.gz;VM1062_TCTCGCG-CCTATCC_R2.fastq.gz,Conventional,Sanger,0,20,101,47,pass,fail,warn,pass,warn,warn,pass,fail,277.29,10398505,195,9312765,89.56,194.92,3082680,3007290,3059300,21735,1645,0,0.29,0.01,1.69,0.01,1.42,509678,4.9,5278,0.05,0,5.42,0.07
VM1062,batch5,1,VM1062_TCTCGCG-CCTATCC_R1.fastq.gz;VM1062_TCTCGCG-CCTATCC_R2.fastq.gz,Conventional,Sanger,0,20,51,47,pass,fail,warn,pass,warn,pass,pass,fail,288.59,13707877,100,12030206,87.76,100.35,1937737,1901235,1923084,13639,1014,0,0.34,0.01,1.5,0,1.29,800002,5.84,8378,0.06,0,6.21,0.13
VM1062,merged,1,,Conventional,Sanger,0,20,101,47,pass,fail,warn,pass,warn,pass,pass,fail,260.61,24106382,141,21342971,88.54,141.61,5020417,4908525,4982384,35374,2659,0,0.31,0.01,1.63,0.01,1.39,1309680,5.43,13656,0.06,0,5.87,0.11
VM1063,batch4,1,VM1063_TCTCGCG-GGCTCTG_R1.fastq.gz;VM1063_TCTCGCG-GGCTCTG_R2.fastq.gz,Conventional,Sanger,0,20,101,49,pass,fail,fail,pass,warn,warn,pass,fail,241.48,8585901,194,7448837,86.76,193.85,2624145,2542991,2604396,18239,1510,0,0.32,0.01,1.66,0.01,1.42,512824,5.97,4890,0.06,0,7.13,0.09
VM1063,batch5,1,VM1063_TCTCGCG-GGCTCTG_R1.fastq.gz;VM1063_TCTCGCG-GGCTCTG_R2.fastq.gz,Conventional,Sanger,0,20,51,49,pass,fail,warn,pass,warn,pass,pass,fail,273.56,13602071,100,11548939,84.91,100.29,1983120,1940398,1968229,13767,1124,0,0.37,0.01,1.46,0,1.27,930435,6.84,10156,0.07,0,8.06,0.12
VM1063,merged,1,,Conventional,Sanger,0,20,101,49,pass,fail,fail,pass,warn,pass,pass,fail,264.49,22187972,137,18997776,85.62,136.97,4607265,4483389,4572625,32006,2634,0,0.34,0.01,1.59,0.01,1.37,1443259,6.5,15046,0.07,0,7.7,0.11
VM1064,batch4,1,VM1064_TCTCGCG-AGGCGAA_R1.fastq.gz;VM1064_TCTCGCG-AGGCGAA_R2.fastq.gz,Conventional,Sanger,0,20,101,47,pass,fail,fail,pass,warn,warn,pass,fail,291.11,10512186,195,9577341,91.11,194.89,3235625,3125167,3211486,22258,1881,0,0.25,0.01,1.68,0.01,1.45,560991,5.34,5920,0.06,0,3.41,0.09
VM1064,batch5,1,VM1064_TCTCGCG-AGGCGAA_R1.fastq.gz;VM1064_TCTCGCG-AGGCGAA_R2.fastq.gz,Conventional,Sanger,0,20,51,47,pass,fail,warn,pass,warn,pass,pass,fail,300.36,16353135,100,14553618,89,100.37,2379644,2321344,2361927,16309,1408,0,0.28,0.01,1.48,0,1.27,1036864,6.34,11575,0.07,0,4.46,0.13
VM1064,merged,1,,Conventional,Sanger,0,20,101,47,pass,fail,warn,pass,warn,pass,pass,fail,119.4,26865321,137,24130959,89.82,137.88,5615269,5446511,5573413,38567,3289,0,0.26,0.01,1.61,0.01,1.4,1597855,5.95,17495,0.07,0,4.05,0.12
VM1072,batch4,1,VM1072_TCTCGCG-TAATCTT_R1.fastq.gz;VM1072_TCTCGCG-TAATCTT_R2.fastq.gz,Conventional,Sanger,0,20,101,46,pass,fail,warn,pass,warn,warn,pass,fail,312.33,9543385,196,8845046,92.68,196.31,2948844,2875804,2926013,21080,1751,0,0.22,0.01,1.71,0.01,1.44,415508,4.35,4602,0.05,0,2.84,0.08
VM1072,batch5,1,VM1072_TCTCGCG-TAATCTT_R1.fastq.gz;VM1072_TCTCGCG-TAATCTT_R2.fastq.gz,Conventional,Sanger,0,20,51,46,pass,fail,warn,pass,warn,pass,pass,fail,75.19,13409583,100,12164732,90.72,100.44,1950693,1914624,1935522,13982,1189,0,0.24,0.01,1.48,0,1.27,714547,5.33,8583,0.06,0,3.74,0.15
VM1072,merged,1,,Conventional,Sanger,0,20,101,46,pass,fail,warn,pass,warn,pass,pass,fail,90.7,22952968,140,21009778,91.53,140.8,4899537,4790428,4861535,35062,2940,0,0.23,0.01,1.64,0.01,1.39,1130055,4.92,13185,0.06,0,3.37,0.12
VM1074,batch4,1,VM1074_TCTCGCG-CAGGACG_R1.fastq.gz;VM1074_TCTCGCG-CAGGACG_R2.fastq.gz,Conventional,Sanger,0,20,101,47,pass,fail,warn,pass,warn,warn,pass,fail,294.73,9169340,196,8258685,90.07,195.88,2472087,2408712,2453212,17341,1534,0,0.26,0.01,1.66,0.01,1.44,458294,5,5222,0.06,0,4.79,0.08
VM1074,batch5,1,VM1074_TCTCGCG-CAGGACG_R1.fastq.gz;VM1074_TCTCGCG-CAGGACG_R2.fastq.gz,Conventional,Sanger,0,20,51,47,pass,fail,warn,pass,warn,pass,pass,fail,53.91,13701100,100,12052237,87.97,100.33,1744111,1711765,1730906,12094,1111,0,0.3,0.01,1.47,0.01,1.28,813350,5.94,10392,0.08,0,5.87,0.15
VM1074,merged,1,,Conventional,Sanger,0,20,101,47,pass,fail,warn,pass,warn,pass,pass,fail,130.9,22870440,139,20310922,88.81,139.18,4216198,4120477,4184118,29435,2645,0,0.28,0.01,1.6,0.01,1.4,1271644,5.56,15614,0.07,0,5.44,0.13
VM1079,batch5,1,VM1079_ATTACTC-CCTATCC_R1.fastq.gz;VM1079_ATTACTC-CCTATCC_R2.fastq.gz,Conventional,Sanger,0,20,51,46,pass,fail,warn,pass,warn,pass,pass,fail,160.91,25432055,100,22529260,88.59,100.26,3553153,3489057,3525336,25672,2145,0,0.31,0.01,1.45,0,1.28,1345072,5.29,18486,0.07,0,5.91,0.14
VM1079,batch2,1,VM1079_ATTACTC-CCTATCC_L001_R1.fastq.gz;VM1079_ATTACTC-CCTATCC_L001_R2.fastq.gz;VM1079_ATTACTC-CCTATCC_L002_R1.fastq.gz;VM1079_ATTACTC-CCTATCC_L002_R2.fastq.gz,Conventional,Sanger,0,20,101,46,pass,fail,warn,pass,warn,warn,pass,fail,289.05,8671558,193,7848799,90.51,193.21,2545875,2482943,2526703,17727,1445,0,0.26,0.01,1.62,0.01,1.43,380139,4.38,5369,0.06,0,4.96,0.08
VM1079,merged,1,,Conventional,Sanger,0,20,101,46,pass,fail,warn,pass,warn,pass,pass,fail,144.1,34103613,124,30378059,89.08,124.27,6099028,5972000,6052039,43399,3590,0,0.29,0.01,1.54,0.01,1.37,1725211,5.06,23855,0.07,0,5.67,0.13
VM1080,batch5,1,VM1080_ATTACTC-GGCTCTG_R1.fastq.gz;VM1080_ATTACTC-GGCTCTG_R2.fastq.gz,Conventional,Sanger,0,20,51,47,pass,fail,warn,pass,warn,pass,pass,fail,187.81,35580018,100,30490706,85.7,100.14,4305173,4188076,4273010,29587,2576,0,0.39,0.01,1.41,0.01,1.31,2070658,5.82,30108,0.08,0,8.26,0.14
VM1080,batch2,1,VM1080_ATTACTC-GGCTCTG_L001_R1.fastq.gz;VM1080_ATTACTC-GGCTCTG_L001_R2.fastq.gz;VM1080_ATTACTC-GGCTCTG_L002_R1.fastq.gz;VM1080_ATTACTC-GGCTCTG_L002_R2.fastq.gz,Conventional,Sanger,0,20,101,47,pass,fail,warn,pass,warn,warn,pass,fail,274.87,12216410,194,10735971,87.88,193.34,3138415,3012004,3115113,21453,1849,0,0.33,0.01,1.6,0.01,1.47,607448,4.97,8161,0.07,0,6.97,0.11
VM1080,merged,1,,Conventional,Sanger,0,20,101,47,pass,fail,warn,pass,warn,pass,pass,fail,132.56,47796428,124,41226677,86.25,124.41,7443588,7200080,7388123,51040,4425,0,0.37,0.01,1.51,0.01,1.4,2678106,5.6,38269,0.08,0,7.93,0.13
VM1081,batch5,1,VM1081_ATTACTC-AGGCGAA_R1.fastq.gz;VM1081_ATTACTC-AGGCGAA_R2.fastq.gz,Conventional,Sanger,0,20,51,47,pass,fail,warn,pass,warn,pass,pass,fail,166.03,31268770,100,26561892,84.95,100.17,3867661,3771993,3838450,26918,2293,0,0.38,0.01,1.46,0.01,1.27,1805255,5.77,25312,0.08,0,9.06,0.14
VM1081,batch2,1,VM1081_ATTACTC-AGGCGAA_L001_R1.fastq.gz;VM1081_ATTACTC-AGGCGAA_L001_R2.fastq.gz;VM1081_ATTACTC-AGGCGAA_L002_R1.fastq.gz;VM1081_ATTACTC-AGGCGAA_L002_R2.fastq.gz,Conventional,Sanger,0,20,101,47,pass,fail,warn,pass,warn,warn,pass,fail,269.53,11005867,193,9576046,87.01,192.96,2870471,2769024,2848592,20142,1737,0,0.31,0.01,1.65,0.01,1.43,548436,4.98,7102,0.06,0,7.84,0.1
VM1081,merged,1,,Conventional,Sanger,0,20,101,47,pass,fail,warn,pass,warn,pass,pass,fail,135.64,42274637,124,36137938,85.48,124.76,6738132,6541017,6687042,47060,4030,0,0.35,0.01,1.56,0.01,1.36,2353691,5.57,32414,0.08,0,8.74,0.13
VM1082,batch5,1,VM1082_ATTACTC-TAATCTT_R1.fastq.gz;VM1082_ATTACTC-TAATCTT_R2.fastq.gz,Conventional,Sanger,0,20,51,47,pass,fail,warn,pass,warn,pass,pass,fail,172.66,30646997,100,25441697,83.02,100.15,3703080,3619959,3675355,25465,2260,0,0.41,0.01,1.44,0.01,1.31,1881708,6.14,23295,0.08,0,10.64,0.13
VM1082,batch2,1,VM1082_ATTACTC-TAATCTT_L001_R1.fastq.gz;VM1082_ATTACTC-TAATCTT_L001_R2.fastq.gz;VM1082_ATTACTC-TAATCTT_L002_R1.fastq.gz;VM1082_ATTACTC-TAATCTT_L002_R2.fastq.gz,Conventional,Sanger,0,20,101,47,pass,fail,warn,pass,warn,warn,pass,fail,270.99,9785817,193,8324497,85.07,192.39,2480266,2398638,2461846,16887,1533,0,0.35,0.01,1.63,0.01,1.43,528771,5.4,6007,0.06,0,9.38,0.09
VM1082,merged,1,,Conventional,Sanger,0,20,101,47,pass,fail,warn,pass,warn,pass,pass,fail,150.99,40432814,123,33766194,83.51,122.89,6183346,6018597,6137201,42352,3793,0,0.38,0.01,1.54,0.01,1.37,2410479,5.96,29302,0.07,0,10.33,0.12
VM1084,batch1,0,gc_1_GAGATTC-TATAGCC_L001_R1.fastq.gz;gc_1_GAGATTC-TATAGCC_L001_R2.fastq.gz;gc_1_GAGATTC-TATAGCC_L002_R1.fastq.gz;gc_1_GAGATTC-TATAGCC_L002_R2.fastq.gz,Conventional,Sanger,0,20,101,47,pass,fail,warn,pass,warn,warn,pass,fail,267.97,20767945,185,18353032,88.37,185.4,3559513,3476807,3530572,26812,2129,0,0.43,0.01,1.58,0.01,1.34,1180382,5.68,7905,0.04,0,5.86,0.05
VM1085,batch1,0,gc_2_GAGATTC-ATAGAGG_L001_R1.fastq.gz;gc_2_GAGATTC-ATAGAGG_L001_R2.fastq.gz;gc_2_GAGATTC-ATAGAGG_L002_R1.fastq.gz;gc_2_GAGATTC-ATAGAGG_L002_R2.fastq.gz,Conventional,Sanger,0,20,101,47,pass,fail,fail,pass,warn,warn,pass,fail,222.03,25595482,186,22753694,88.9,186.48,4966932,4827034,4929508,34477,2947,0,0.38,0.01,1.64,0.01,1.37,1502719,5.87,11081,0.04,0,5.13,0.06
VM1086,batch1,0,gc_3_GAGATTC-CCTATCC_L001_R1.fastq.gz;gc_3_GAGATTC-CCTATCC_L001_R2.fastq.gz;gc_3_GAGATTC-CCTATCC_L002_R1.fastq.gz;gc_3_GAGATTC-CCTATCC_L002_R2.fastq.gz,Conventional,Sanger,0,20,101,47,pass,fail,fail,pass,warn,warn,pass,fail,230.41,25601499,188,22965885,89.71,188.65,5284010,5128246,5243244,37494,3272,0,0.38,0.01,1.63,0.01,1.37,1335773,5.22,10631,0.04,0,4.97,0.06
VM1087,batch1,0,gc_4_GAGATTC-GGCTCTG_L001_R1.fastq.gz;gc_4_GAGATTC-GGCTCTG_L001_R2.fastq.gz;gc_4_GAGATTC-GGCTCTG_L002_R1.fastq.gz;gc_4_GAGATTC-GGCTCTG_L002_R2.fastq.gz,Conventional,Sanger,0,20,101,47,pass,fail,fail,pass,warn,warn,pass,fail,310.47,17248067,187,15466921,89.67,187.53,3635581,3548859,3607781,25628,2172,0,0.37,0.01,1.62,0.01,1.44,900483,5.22,6252,0.04,0,5.01,0.06
VM1088,batch1,0,gc_5_GAGATTC-AGGCGAA_L001_R1.fastq.gz;gc_5_GAGATTC-AGGCGAA_L001_R2.fastq.gz;gc_5_GAGATTC-AGGCGAA_L002_R1.fastq.gz;gc_5_GAGATTC-AGGCGAA_L002_R2.fastq.gz,Conventional,Sanger,0,20,101,49,pass,fail,warn,pass,warn,warn,pass,fail,214.91,4119091,186,3424917,83.15,184.16,667928,651249,662630,4858,440,0,0.79,0.02,1.85,0.02,1.46,215226,5.23,3107,0.08,0,11.5,0.05
VM1089,batch1,0,gc_6_GAGATTC-TAATCTT_L001_R1.fastq.gz;gc_6_GAGATTC-TAATCTT_L001_R2.fastq.gz;gc_6_GAGATTC-TAATCTT_L002_R1.fastq.gz;gc_6_GAGATTC-TAATCTT_L002_R2.fastq.gz,Conventional,Sanger,0,20,101,47,pass,fail,warn,pass,warn,warn,pass,fail,291.92,8595472,186,7656698,89.08,186.67,1706172,1649099,1693059,12070,1043,0,0.36,0.01,1.67,0.01,1.4,470159,5.47,4761,0.06,0,5.31,0.08
VM1090,batch1,0,gc_7_GAGATTC-CAGGACG_L001_R1.fastq.gz;gc_7_GAGATTC-CAGGACG_L001_R2.fastq.gz;gc_7_GAGATTC-CAGGACG_L002_R1.fastq.gz;gc_7_GAGATTC-CAGGACG_L002_R2.fastq.gz,Conventional,Sanger,0,20,101,47,pass,fail,fail,pass,warn,warn,pass,fail,240.08,4534892,188,4007333,88.37,187.63,971510,946211,964402,6570,538,0,0.45,0.01,1.63,0.01,1.4,249437,5.5,1829,0.04,0,6.04,0.05
VM1091,batch1,0,gc_8_GAGATTC-GTACTGA_L001_R1.fastq.gz;gc_8_GAGATTC-GTACTGA_L001_R2.fastq.gz;gc_8_GAGATTC-GTACTGA_L002_R1.fastq.gz;gc_8_GAGATTC-GTACTGA_L002_R2.fastq.gz,Conventional,Sanger,0,20,101,47,pass,fail,fail,pass,warn,warn,pass,fail,273.25,6299871,186,5683975,90.22,186.3,1312031,1275424,1301906,9399,726,0,0.36,0.01,1.65,0.01,1.4,365082,5.8,3630,0.06,0,3.84,0.08
VM1092,batch1,0,gc_9_ATTCAGA-TATAGCC_L001_R1.fastq.gz;gc_9_ATTCAGA-TATAGCC_L001_R2.fastq.gz;gc_9_ATTCAGA-TATAGCC_L002_R1.fastq.gz;gc_9_ATTCAGA-TATAGCC_L002_R2.fastq.gz,Conventional,Sanger,0,20,101,47,pass,fail,warn,pass,warn,warn,pass,fail,285.47,9595032,188,8478717,88.37,188.46,1755513,1714859,1742120,12353,1040,0,0.35,0.01,1.68,0.01,1.39,460161,4.8,5317,0.06,0,6.71,0.07
VM1093,batch1,0,gc_10_ATTCAGA-ATAGAGG_L001_R1.fastq.gz;gc_10_ATTCAGA-ATAGAGG_L001_R2.fastq.gz;gc_10_ATTCAGA-ATAGAGG_L002_R1.fastq.gz;gc_10_ATTCAGA-ATAGAGG_L002_R2.fastq.gz,Conventional,Sanger,0,20,101,46,pass,fail,warn,pass,warn,warn,pass,fail,316.92,15229564,189,13794075,90.57,189.16,2645768,2569263,2625086,18963,1719,0,0.34,0.01,1.66,0.01,1.38,744251,4.89,7259,0.05,0,4.42,0.07
VM1094,batch1,0,gc_11_ATTCAGA-CCTATCC_L001_R1.fastq.gz;gc_11_ATTCAGA-CCTATCC_L001_R2.fastq.gz;gc_11_ATTCAGA-CCTATCC_L002_R1.fastq.gz;gc_11_ATTCAGA-CCTATCC_L002_R2.fastq.gz,Conventional,Sanger,0,20,101,47,pass,fail,warn,pass,warn,warn,pass,fail,293.94,11349239,190,10225562,90.1,189.99,2357389,2294882,2339661,16314,1414,0,0.41,0.01,1.71,0.01,1.4,540902,4.77,5583,0.05,0,5.03,0.05
VM1095,batch1,0,gc_12_ATTCAGA-GGCTCTG_L001_R1.fastq.gz;gc_12_ATTCAGA-GGCTCTG_L001_R2.fastq.gz;gc_12_ATTCAGA-GGCTCTG_L002_R1.fastq.gz;gc_12_ATTCAGA-GGCTCTG_L002_R2.fastq.gz,Conventional,Sanger,0,20,101,47,pass,fail,warn,pass,warn,warn,pass,fail,308.56,16628032,189,14897765,89.59,189.3,3553203,3448239,3526129,24830,2244,0,0.4,0.01,1.65,0.01,1.39,779586,4.69,8840,0.05,0,5.59,0.07
VM1096,batch1,0,gc_13_ATTCAGA-AGGCGAA_L001_R1.fastq.gz;gc_13_ATTCAGA-AGGCGAA_L001_R2.fastq.gz;gc_13_ATTCAGA-AGGCGAA_L002_R1.fastq.gz;gc_13_ATTCAGA-AGGCGAA_L002_R2.fastq.gz,Conventional,Sanger,0,20,101,46,pass,fail,warn,pass,warn,warn,pass,fail,149.27,19902323,189,17809446,89.48,189.1,3411958,3327715,3385563,24342,2053,0,0.36,0.01,1.67,0.01,1.38,973625,4.89,9381,0.05,0,5.51,0.06
VM1097,batch1,0,gc_14_ATTCAGA-TAATCTT_L001_R1.fastq.gz;gc_14_ATTCAGA-TAATCTT_L001_R2.fastq.gz;gc_14_ATTCAGA-TAATCTT_L002_R1.fastq.gz;gc_14_ATTCAGA-TAATCTT_L002_R2.fastq.gz,Conventional,Sanger,0,20,101,47,pass,fail,warn,pass,warn,warn,pass,fail,277,13080610,189,11313101,86.49,188.54,2636225,2561247,2616565,18171,1489,0,0.42,0.01,1.61,0.01,1.38,668783,5.11,5206,0.04,0,8.3,0.06
VM1098,batch1,0,gc_15_ATTCAGA-CAGGACG_L001_R1.fastq.gz;gc_15_ATTCAGA-CAGGACG_L001_R2.fastq.gz;gc_15_ATTCAGA-CAGGACG_L002_R1.fastq.gz;gc_15_ATTCAGA-CAGGACG_L002_R2.fastq.gz,Conventional,Sanger,0,20,101,48,pass,fail,fail,pass,warn,warn,pass,fail,264.56,11243699,187,9685061,86.14,186.92,2170540,2100228,2154236,14902,1402,0,0.51,0.01,1.59,0.01,1.39,619518,5.51,5191,0.05,0,8.24,0.07
VM1099,batch1,0,gc_16_ATTCAGA-GTACTGA_L001_R1.fastq.gz;gc_16_ATTCAGA-GTACTGA_L001_R2.fastq.gz;gc_16_ATTCAGA-GTACTGA_L002_R1.fastq.gz;gc_16_ATTCAGA-GTACTGA_L002_R2.fastq.gz,Conventional,Sanger,0,20,101,47,pass,fail,fail,pass,warn,warn,pass,fail,280.37,10591766,184,9341869,88.2,184.72,1868898,1822104,1854359,13445,1094,0,0.41,0.01,1.64,0.01,1.37,623596,5.89,5987,0.06,0,5.78,0.07
VM1100,batch1,0,gc_17_GAATTCG-TATAGCC_L001_R1.fastq.gz;gc_17_GAATTCG-TATAGCC_L001_R2.fastq.gz;gc_17_GAATTCG-TATAGCC_L002_R1.fastq.gz;gc_17_GAATTCG-TATAGCC_L002_R2.fastq.gz,Conventional,Sanger,0,20,101,47,pass,fail,fail,pass,warn,warn,pass,fail,257.52,11016136,189,9823105,89.17,189.39,2383899,2306365,2366369,16065,1465,0,0.44,0.01,1.62,0.01,1.39,501337,4.55,4168,0.04,0,6.15,0.09
VM1101,batch1,0,gc_18_GAATTCG-ATAGAGG_L001_R1.fastq.gz;gc_18_GAATTCG-ATAGAGG_L001_R2.fastq.gz;gc_18_GAATTCG-ATAGAGG_L002_R1.fastq.gz;gc_18_GAATTCG-ATAGAGG_L002_R2.fastq.gz,Conventional,Sanger,0,20,101,47,pass,fail,warn,pass,warn,warn,pass,fail,323,18123816,190,16515799,91.13,190.1,4026017,3922446,3995543,28127,2347,0,0.34,0.01,1.65,0.01,1.38,877577,4.84,6775,0.04,0,3.94,0.05
VM1102,batch1,0,gc_19_GAATTCG-CCTATCC_L001_R1.fastq.gz;gc_19_GAATTCG-CCTATCC_L001_R2.fastq.gz;gc_19_GAATTCG-CCTATCC_L002_R1.fastq.gz;gc_19_GAATTCG-CCTATCC_L002_R2.fastq.gz,Conventional,Sanger,0,20,101,46,pass,fail,warn,pass,warn,warn,pass,fail,293.01,11232170,192,10207984,90.88,191.85,2254339,2188054,2237339,15663,1337,0,0.33,0.01,1.69,0.01,1.37,527534,4.7,4867,0.04,0,4.31,0.06
VM1103,batch1,0,gc_20_GAATTCG-GGCTCTG_L001_R1.fastq.gz;gc_20_GAATTCG-GGCTCTG_L001_R2.fastq.gz;gc_20_GAATTCG-GGCTCTG_L002_R1.fastq.gz;gc_20_GAATTCG-GGCTCTG_L002_R2.fastq.gz,Conventional,Sanger,0,20,101,46,pass,fail,fail,pass,warn,warn,pass,fail,306.15,9609855,190,8684845,90.37,190.33,1733410,1686373,1720234,12166,1010,0,0.38,0.01,1.64,0.01,1.36,442790,4.61,3611,0.04,0,4.93,0.05
VM1104,batch1,0,gc_21_GAATTCG-AGGCGAA_L001_R1.fastq.gz;gc_21_GAATTCG-AGGCGAA_L001_R2.fastq.gz;gc_21_GAATTCG-AGGCGAA_L002_R1.fastq.gz;gc_21_GAATTCG-AGGCGAA_L002_R2.fastq.gz,Conventional,Sanger,0,20,101,50,pass,fail,pass,pass,warn,warn,pass,fail,244.25,21575662,190,15957520,73.96,185.85,1981328,1924279,1965849,14279,1200,0,0.94,0.02,1.45,0.02,1.37,1226585,5.69,5579,0.03,0,20.29,0.04
VM1106,batch1,0,gc_22_GAATTCG-TAATCTT_L001_R1.fastq.gz;gc_22_GAATTCG-TAATCTT_L001_R2.fastq.gz;gc_22_GAATTCG-TAATCTT_L002_R1.fastq.gz;gc_22_GAATTCG-TAATCTT_L002_R2.fastq.gz,Conventional,Sanger,0,20,101,46,pass,fail,warn,pass,warn,warn,pass,fail,323.16,11400318,191,10485874,91.98,190.91,2618257,2531157,2599080,17644,1533,0,0.36,0.01,1.7,0.01,1.37,589492,5.17,4455,0.04,0,2.75,0.06
VM1108,batch1,0,gc_23_GAATTCG-CAGGACG_L001_R1.fastq.gz;gc_23_GAATTCG-CAGGACG_L001_R2.fastq.gz;gc_23_GAATTCG-CAGGACG_L002_R1.fastq.gz;gc_23_GAATTCG-CAGGACG_L002_R2.fastq.gz,Conventional,Sanger,0,20,101,46,pass,fail,warn,pass,warn,warn,pass,fail,304.53,9135979,189,8363448,91.54,189.27,1772443,1725719,1758487,12985,971,0,0.34,0.01,1.67,0.01,1.39,419218,4.59,3946,0.04,0,3.76,0.06
VM1109,batch1,0,gc_24_GAATTCG-GTACTGA_L001_R1.fastq.gz;gc_24_GAATTCG-GTACTGA_L001_R2.fastq.gz;gc_24_GAATTCG-GTACTGA_L002_R1.fastq.gz;gc_24_GAATTCG-GTACTGA_L002_R2.fastq.gz,Conventional,Sanger,0,20,101,47,pass,fail,fail,pass,warn,warn,pass,fail,238.14,19315538,187,17458810,90.39,187.74,4068174,3956437,4036881,28876,2417,0,0.33,0.01,1.67,0.01,1.38,1053699,5.46,10089,0.05,0,4.04,0.07
VM1110,batch5,1,VM1110_ATTACTC-CAGGACG_R1.fastq.gz;VM1110_ATTACTC-CAGGACG_R2.fastq.gz,Conventional,Sanger,0,20,51,48,pass,fail,warn,pass,warn,pass,pass,fail,174.32,26970565,100,22452305,83.25,100.11,3356451,3289322,3330521,23975,1955,0,0.42,0.01,1.45,0.01,1.3,1615227,5.99,20922,0.08,0,10.55,0.13
VM1110,batch2,1,VM1110_ATTACTC-CAGGACG_L001_R1.fastq.gz;VM1110_ATTACTC-CAGGACG_L001_R2.fastq.gz;VM1110_ATTACTC-CAGGACG_L002_R1.fastq.gz;VM1110_ATTACTC-CAGGACG_L002_R2.fastq.gz,Conventional,Sanger,0,20,101,48,pass,fail,warn,pass,warn,warn,pass,fail,238.06,8265950,192,7094025,85.82,191.34,2153903,2094585,2137190,15467,1246,0,0.35,0.01,1.65,0.01,1.44,440451,5.33,5518,0.07,0,8.7,0.09
VM1110,merged,1,,Conventional,Sanger,0,20,101,48,pass,fail,warn,pass,warn,pass,pass,fail,166.69,35236515,122,29546330,83.85,122.01,5510354,5383907,5467711,39442,3201,0,0.39,0.01,1.55,0.01,1.37,2055678,5.83,26440,0.08,0,10.12,0.12
VM1111,batch5,1,VM1111_ATTACTC-GTACTGA_R1.fastq.gz;VM1111_ATTACTC-GTACTGA_R2.fastq.gz,Conventional,Sanger,0,20,51,48,pass,fail,pass,pass,warn,pass,pass,fail,175.95,29960387,100,23190982,77.41,99.4,2754102,2688542,2733366,19082,1654,0,0.89,0.01,1.36,0.02,1.66,1790443,5.98,16961,0.06,0,16.47,0.09
VM1111,batch2,1,VM1111_ATTACTC-GTACTGA_L001_R1.fastq.gz;VM1111_ATTACTC-GTACTGA_L001_R2.fastq.gz;VM1111_ATTACTC-GTACTGA_L002_R1.fastq.gz;VM1111_ATTACTC-GTACTGA_L002_R2.fastq.gz,Conventional,Sanger,0,20,101,49,pass,fail,pass,pass,warn,warn,pass,fail,231.91,8889858,191,7158641,80.53,187.97,1682399,1625866,1669950,11460,989,0,0.83,0.03,1.86,0.03,1.48,490733,5.52,4271,0.05,0,13.84,0.07
VM1111,merged,1,,Conventional,Sanger,0,20,101,49,pass,fail,pass,pass,warn,pass,pass,fail,113.34,38850245,121,30349623,78.12,120.29,4436501,4314408,4403316,30542,2643,0,0.87,0.02,1.61,0.02,1.56,2281176,5.87,21232,0.05,0,15.87,0.09
VM1113,batch5,1,VM1113_TCCGGAG-TATAGCC_R1.fastq.gz;VM1113_TCCGGAG-TATAGCC_R2.fastq.gz,Conventional,Sanger,0,20,51,46,pass,fail,warn,pass,warn,pass,pass,fail,199.21,31099228,100,27543873,88.57,100.28,3631474,3560351,3602872,26441,2161,0,0.3,0.01,1.46,0.01,1.27,1482874,4.77,26377,0.08,0,6.41,0.17
VM1113,batch2,1,VM1113_TCCGGAG-TATAGCC_L001_R1.fastq.gz;VM1113_TCCGGAG-TATAGCC_L001_R2.fastq.gz;VM1113_TCCGGAG-TATAGCC_L002_R1.fastq.gz;VM1113_TCCGGAG-TATAGCC_L002_R2.fastq.gz,Conventional,Sanger,0,20,101,46,pass,fail,warn,pass,warn,warn,pass,fail,296.44,14328055,195,13007171,90.78,195.1,3565944,3474011,3537419,26345,2180,0,0.26,0.01,1.67,0.01,1.44,574952,4.01,9821,0.07,0,5.04,0.1
VM1113,merged,1,,Conventional,Sanger,0,20,101,46,pass,fail,warn,pass,warn,pass,pass,fail,183.13,45427283,130,40551044,89.27,130.69,7197418,7034362,7140291,52786,4341,0,0.28,0.01,1.59,0.01,1.38,2057826,4.53,36198,0.08,0,5.98,0.15
VM1114,batch5,1,VM1114_TCCGGAG-ATAGAGG_R1.fastq.gz;VM1114_TCCGGAG-ATAGAGG_R2.fastq.gz,Conventional,Sanger,0,20,51,47,pass,fail,warn,pass,warn,pass,pass,fail,164.93,33123473,100,25062311,75.66,99.84,2585189,2495153,2565100,18432,1657,0,0.57,0.01,1.46,0.01,1.28,1568720,4.74,33848,0.1,0,19.33,0.16
VM1114,batch2,1,VM1114_TCCGGAG-ATAGAGG_L001_R1.fastq.gz;VM1114_TCCGGAG-ATAGAGG_L001_R2.fastq.gz;VM1114_TCCGGAG-ATAGAGG_L002_R1.fastq.gz;VM1114_TCCGGAG-ATAGAGG_L002_R2.fastq.gz,Conventional,Sanger,0,20,101,48,pass,fail,fail,pass,warn,warn,pass,fail,237.75,16972636,190,13649787,80.42,189.52,2757326,2662890,2735539,19962,1825,0,0.52,0.01,1.68,0.01,1.44,736488,4.34,15282,0.09,0,15.04,0.11
VM1114,merged,1,,Conventional,Sanger,0,20,101,48,pass,fail,warn,pass,warn,pass,pass,fail,172.09,50096109,131,38712098,77.28,131.46,5342515,5158043,5300639,38394,3482,0,0.55,0.01,1.6,0.01,1.39,2305208,4.6,49130,0.1,0,17.88,0.15
VM1115,batch5,1,VM1115_TCCGGAG-CCTATCC_R1.fastq.gz;VM1115_TCCGGAG-CCTATCC_R2.fastq.gz,Conventional,Sanger,0,20,51,47,pass,fail,warn,pass,warn,pass,pass,fail,124.73,33954058,100,28542059,84.06,100.15,3806455,3714650,3777188,26955,2312,0,0.39,0.01,1.43,0,1.28,1724326,5.08,27207,0.08,0,10.62,0.16
VM1115,batch2,1,VM1115_TCCGGAG-CCTATCC_L001_R1.fastq.gz;VM1115_TCCGGAG-CCTATCC_L001_R2.fastq.gz;VM1115_TCCGGAG-CCTATCC_L002_R1.fastq.gz;VM1115_TCCGGAG-CCTATCC_L002_R2.fastq.gz,Conventional,Sanger,0,20,101,47,pass,fail,warn,pass,warn,warn,pass,fail,273.58,15578868,195,13520877,86.79,194.48,3696071,3586751,3668021,25831,2219,0,0.35,0.01,1.59,0.01,1.46,668458,4.29,9979,0.06,0,8.77,0.09
VM1115,merged,1,,Conventional,Sanger,0,20,101,47,pass,fail,warn,pass,warn,pass,pass,fail,212.79,49532926,130,42062936,84.92,130.47,7502526,7301401,7445209,52786,4531,0,0.37,0.01,1.53,0.01,1.4,2392784,4.83,37186,0.08,0,10.04,0.13
VM1116,batch5,1,VM1116_TCCGGAG-GGCTCTG_R1.fastq.gz;VM1116_TCCGGAG-GGCTCTG_R2.fastq.gz,Conventional,Sanger,0,20,51,46,pass,fail,warn,pass,warn,pass,pass,fail,121.11,31186233,100,27187881,87.18,100.2,3262392,3190531,3237303,23154,1935,0,0.35,0.01,1.47,0,1.26,1557836,5,26445,0.08,0,7.56,0.18
VM1116,batch2,1,VM1116_TCCGGAG-GGCTCTG_L001_R1.fastq.gz;VM1116_TCCGGAG-GGCTCTG_L001_R2.fastq.gz;VM1116_TCCGGAG-GGCTCTG_L002_R1.fastq.gz;VM1116_TCCGGAG-GGCTCTG_L002_R2.fastq.gz,Conventional,Sanger,0,20,101,46,pass,fail,warn,pass,warn,warn,pass,fail,279.19,11942933,195,10754441,90.05,194.92,2670280,2596059,2649819,18875,1586,0,0.3,0.01,1.67,0.01,1.45,508234,4.26,7950,0.07,0,5.52,0.11
VM1116,merged,1,,Conventional,Sanger,0,20,101,46,pass,fail,warn,pass,warn,pass,pass,fail,231.05,43129166,126,37942322,87.97,127.05,5932672,5786590,5887122,42029,3521,0,0.33,0.01,1.58,0.01,1.37,2066070,4.79,34395,0.08,0,7,0.16
VM1118,batch5,1,VM1118_TCCGGAG-AGGCGAA_R1.fastq.gz;VM1118_TCCGGAG-AGGCGAA_R2.fastq.gz,Conventional,Sanger,0,20,51,46,pass,fail,warn,pass,warn,pass,pass,fail,117.65,28562653,100,24960513,87.39,100.25,3417273,3346089,3390780,24525,1968,0,0.32,0.01,1.47,0,1.28,1564009,5.48,21151,0.07,0,6.91,0.15
VM1118,batch2,1,VM1118_TCCGGAG-AGGCGAA_L001_R1.fastq.gz;VM1118_TCCGGAG-AGGCGAA_L001_R2.fastq.gz;VM1118_TCCGGAG-AGGCGAA_L002_R1.fastq.gz;VM1118_TCCGGAG-AGGCGAA_L002_R2.fastq.gz,Conventional,Sanger,0,20,101,46,pass,fail,warn,pass,warn,warn,pass,fail,292.97,14241815,196,12785237,89.77,195.38,3627553,3528163,3598878,26552,2123,0,0.27,0.01,1.67,0.01,1.44,666128,4.68,8595,0.06,0,5.4,0.09
VM1118,merged,1,,Conventional,Sanger,0,20,101,46,pass,fail,warn,pass,warn,pass,pass,fail,187.01,42804468,132,37745750,88.18,132.47,7044826,6874252,6989658,51077,4091,0,0.29,0.01,1.59,0.01,1.39,2230137,5.21,29746,0.07,0,6.41,0.13
VM1119,batch5,1,VM1119_TCCGGAG-TAATCTT_R1.fastq.gz;VM1119_TCCGGAG-TAATCTT_R2.fastq.gz,Conventional,Sanger,0,20,51,45,pass,fail,warn,pass,warn,pass,pass,fail,128.55,27138970,100,24194601,89.15,100.33,3308001,3244763,3282896,23107,1998,0,0.27,0.01,1.43,0,1.26,1374478,5.06,23071,0.09,0,5.53,0.17
VM1119,batch2,1,VM1119_TCCGGAG-TAATCTT_L001_R1.fastq.gz;VM1119_TCCGGAG-TAATCTT_L001_R2.fastq.gz;VM1119_TCCGGAG-TAATCTT_L002_R1.fastq.gz;VM1119_TCCGGAG-TAATCTT_L002_R2.fastq.gz,Conventional,Sanger,0,20,101,46,pass,fail,warn,pass,warn,warn,pass,fail,295.8,12900134,196,11747147,91.06,196.05,3356244,3267310,3330206,24134,1904,0,0.23,0.01,1.63,0.01,1.44,542198,4.2,8413,0.07,0,4.57,0.1
VM1119,merged,1,,Conventional,Sanger,0,20,101,46,pass,fail,warn,pass,warn,pass,pass,fail,193.22,40039104,131,35941748,89.77,131.62,6664245,6512073,6613102,47241,3902,0,0.25,0.01,1.55,0.01,1.38,1916676,4.79,31484,0.08,0,5.22,0.15
VM1120,batch5,1,VM1120_TCCGGAG-CAGGACG_R1.fastq.gz;VM1120_TCCGGAG-CAGGACG_R2.fastq.gz,Conventional,Sanger,0,20,51,46,pass,fail,warn,pass,warn,pass,pass,fail,105.92,33186846,100,28359482,85.45,100.12,3391348,3326224,3365175,24117,2056,0,0.39,0.01,1.42,0.01,1.36,1740109,5.24,27812,0.08,0,9.05,0.17
VM1120,batch2,1,VM1120_TCCGGAG-CAGGACG_L001_R1.fastq.gz;VM1120_TCCGGAG-CAGGACG_L001_R2.fastq.gz;VM1120_TCCGGAG-CAGGACG_L002_R1.fastq.gz;VM1120_TCCGGAG-CAGGACG_L002_R2.fastq.gz,Conventional,Sanger,0,20,101,46,pass,fail,warn,pass,warn,warn,pass,fail,267.54,13897423,194,12302251,88.52,193.7,3038620,2960326,3015028,21677,1915,0,0.33,0.02,1.65,0.01,1.45,636976,4.58,10060,0.07,0,6.73,0.1
VM1120,merged,1,,Conventional,Sanger,0,20,101,46,pass,fail,warn,pass,warn,pass,pass,fail,185.66,47084269,128,40661733,86.36,128.43,6429968,6286550,6380203,45794,3971,0,0.36,0.01,1.55,0.01,1.41,2377085,5.05,37872,0.08,0,8.37,0.15
VM1121,batch5,1,VM1121_TCCGGAG-GTACTGA_R1.fastq.gz;VM1121_TCCGGAG-GTACTGA_R2.fastq.gz,Conventional,Sanger,0,20,51,48,pass,fail,pass,pass,warn,pass,pass,fail,168.42,36257085,100,27801848,76.68,99.38,2745508,2684584,2724292,19612,1604,0,0.88,0.01,1.36,0.01,1.62,1881802,5.19,21055,0.06,0,17.97,0.1
VM1121,batch2,1,VM1121_TCCGGAG-GTACTGA_L001_R1.fastq.gz;VM1121_TCCGGAG-GTACTGA_L001_R2.fastq.gz;VM1121_TCCGGAG-GTACTGA_L002_R1.fastq.gz;VM1121_TCCGGAG-GTACTGA_L002_R2.fastq.gz,Conventional,Sanger,0,20,101,49,pass,fail,pass,pass,warn,warn,pass,fail,235.54,11515335,195,9229681,80.15,191.14,1823619,1770729,1809493,13025,1101,0,0.81,0.02,1.86,0.03,1.48,553390,4.81,5543,0.05,0,14.93,0.06
VM1121,merged,1,,Conventional,Sanger,0,20,101,48,pass,fail,pass,pass,warn,pass,pass,fail,171.64,47772420,123,37031529,77.52,122.25,4569127,4455313,4533785,32637,2705,0,0.85,0.01,1.64,0.02,1.54,2435192,5.1,26598,0.06,0,17.24,0.09
VM1122,batch5,1,VM1122_CGCTCAT-TATAGCC_R1.fastq.gz;VM1122_CGCTCAT-TATAGCC_R2.fastq.gz,Conventional,Sanger,0,20,51,46,pass,fail,warn,pass,warn,pass,pass,fail,176.26,33538819,100,29376948,87.59,100.26,3972047,3889855,3941209,28428,2410,0,0.32,0.01,1.45,0.01,1.29,1803196,5.38,26774,0.08,0,6.79,0.16
VM1122,batch2,1,VM1122_CGCTCAT-TATAGCC_L001_R1.fastq.gz;VM1122_CGCTCAT-TATAGCC_L001_R2.fastq.gz;VM1122_CGCTCAT-TATAGCC_L002_R1.fastq.gz;VM1122_CGCTCAT-TATAGCC_L002_R2.fastq.gz,Conventional,Sanger,0,20,101,46,pass,fail,warn,pass,warn,warn,pass,fail,307.79,15902459,195,14284314,89.82,194.55,4017097,3900069,3986208,28457,2432,0,0.27,0.02,1.57,0.01,1.44,746585,4.69,10430,0.07,0,5.32,0.09
VM1122,merged,1,,Conventional,Sanger,0,20,101,46,pass,fail,warn,pass,warn,pass,pass,fail,203.42,49441278,131,43661262,88.31,131.11,7989144,7789924,7927417,56885,4842,0,0.29,0.02,1.52,0.01,1.39,2549781,5.16,37204,0.08,0,6.32,0.14
VM1124,batch5,1,VM1124_CGCTCAT-ATAGAGG_R1.fastq.gz;VM1124_CGCTCAT-ATAGAGG_R2.fastq.gz,Conventional,Sanger,0,20,51,44,pass,fail,warn,pass,warn,pass,pass,fail,155.12,20380654,100,18144057,89.03,100.34,2743800,2698301,2721498,20632,1670,0,0.25,0.01,1.47,0,1.27,1001228,4.91,15018,0.07,0,5.83,0.16
VM1124,batch2,1,VM1124_CGCTCAT-ATAGAGG_L001_R1.fastq.gz;VM1124_CGCTCAT-ATAGAGG_L001_R2.fastq.gz;VM1124_CGCTCAT-ATAGAGG_L002_R1.fastq.gz;VM1124_CGCTCAT-ATAGAGG_L002_R2.fastq.gz,Conventional,Sanger,0,20,101,44,pass,fail,warn,pass,warn,warn,pass,fail,305.76,9597474,195,8857597,92.29,194.61,2765302,2699989,2743014,20576,1712,0,0.2,0.01,1.67,0.01,1.45,390915,4.07,5848,0.06,0,3.48,0.09
VM1124,merged,1,,Conventional,Sanger,0,20,101,44,pass,fail,warn,pass,warn,pass,pass,fail,182.61,29978128,130,27001654,90.07,131.26,5509102,5398290,5464512,41208,3382,0,0.23,0.01,1.59,0.01,1.39,1392143,4.64,20866,0.07,0,5.08,0.14
VM1125,batch5,1,VM1125_CGCTCAT-CCTATCC_R1.fastq.gz;VM1125_CGCTCAT-CCTATCC_R2.fastq.gz,Conventional,Sanger,0,20,51,47,pass,fail,warn,pass,warn,pass,pass,fail,162.67,24354943,100,20975785,86.13,100.24,2973215,2917597,2949803,21680,1732,0,0.33,0.01,1.44,0,1.27,1319747,5.42,18979,0.08,0,8.22,0.16
VM1125,batch2,1,VM1125_CGCTCAT-CCTATCC_L001_R1.fastq.gz;VM1125_CGCTCAT-CCTATCC_L001_R2.fastq.gz;VM1125_CGCTCAT-CCTATCC_L002_R1.fastq.gz;VM1125_CGCTCAT-CCTATCC_L002_R2.fastq.gz,Conventional,Sanger,0,20,101,47,pass,fail,warn,pass,warn,warn,pass,fail,280.78,12634894,194,11200539,88.65,193.87,3268368,3187734,3242889,23468,2011,0,0.29,0.01,1.62,0.01,1.43,590505,4.67,8302,0.07,0,6.52,0.1
VM1125,merged,1,,Conventional,Sanger,0,20,101,47,pass,fail,warn,pass,warn,pass,pass,fail,208.39,36989837,132,32176324,86.99,132.83,6241583,6105331,6192692,45148,3743,0,0.31,0.01,1.55,0.01,1.38,1910252,5.16,27281,0.07,0,7.64,0.14
VM1126,batch5,1,VM1126_CGCTCAT-GGCTCTG_R1.fastq.gz;VM1126_CGCTCAT-GGCTCTG_R2.fastq.gz,Conventional,Sanger,0,20,51,47,pass,fail,warn,pass,warn,pass,pass,fail,156.81,21387530,100,17388032,81.3,100.06,2062393,2020288,2046203,14988,1202,0,0.38,0.01,1.44,0.01,1.28,1091155,5.1,19130,0.09,0,13.34,0.17
VM1126,batch2,1,VM1126_CGCTCAT-GGCTCTG_L001_R1.fastq.gz;VM1126_CGCTCAT-GGCTCTG_L001_R2.fastq.gz;VM1126_CGCTCAT-GGCTCTG_L002_R1.fastq.gz;VM1126_CGCTCAT-GGCTCTG_L002_R2.fastq.gz,Conventional,Sanger,0,20,101,47,pass,fail,warn,pass,warn,warn,pass,fail,245.09,7012416,193,5985312,85.35,193.01,1460571,1419436,1449281,10451,839,0,0.32,0.01,1.66,0.01,1.44,321838,4.59,5358,0.08,0,9.88,0.1
VM1126,merged,1,,Conventional,Sanger,0,20,101,47,pass,fail,warn,pass,warn,pass,pass,fail,196.62,28399946,123,23373344,82.3,123.86,3522964,3439724,3495484,25439,2041,0,0.35,0.01,1.56,0.01,1.37,1412993,4.98,24488,0.09,0,12.49,0.15
VM1127,batch5,1,VM1127_CGCTCAT-AGGCGAA_R1.fastq.gz;VM1127_CGCTCAT-AGGCGAA_R2.fastq.gz,Conventional,Sanger,0,20,51,47,pass,fail,warn,pass,warn,pass,pass,fail,98.93,22782399,100,18797717,82.51,100.12,2193430,2141095,2176167,15971,1292,0,0.41,0.01,1.45,0.01,1.29,1126122,4.94,20266,0.09,0,12.28,0.18
VM1127,batch2,1,VM1127_CGCTCAT-AGGCGAA_L001_R1.fastq.gz;VM1127_CGCTCAT-AGGCGAA_L001_R2.fastq.gz;VM1127_CGCTCAT-AGGCGAA_L002_R1.fastq.gz;VM1127_CGCTCAT-AGGCGAA_L002_R2.fastq.gz,Conventional,Sanger,0,20,101,47,pass,fail,warn,pass,warn,warn,pass,fail,247.27,10440108,193,8921887,85.46,192.82,2124627,2061530,2107639,15768,1220,0,0.34,0.01,1.62,0.01,1.47,469990,4.5,8150,0.08,0,9.85,0.11
VM1127,merged,1,,Conventional,Sanger,0,20,101,47,pass,fail,warn,pass,warn,pass,pass,fail,174.86,33222507,129,27719604,83.44,129.96,4318057,4202625,4283806,31739,2512,0,0.38,0.01,1.55,0.01,1.4,1596112,4.8,28416,0.09,0,11.52,0.16
VM1130,batch5,0,VM1130_ATTACTC-TATAGCC_R1.fastq.gz;VM1130_ATTACTC-TATAGCC_R2.fastq.gz,Conventional,Sanger,0,20,51,47,pass,fail,pass,pass,warn,pass,pass,fail,161.71,32386283,100,24616978,76.01,99.75,2644912,2582268,2624430,18899,1583,0,0.62,0.01,1.31,0.01,1.35,1811102,5.59,34257,0.11,0,18.1,0.19
VM1131,batch5,0,VM1131_ATTACTC-ATAGAGG_R1.fastq.gz;VM1131_ATTACTC-ATAGAGG_R2.fastq.gz,Conventional,Sanger,0,20,51,49,pass,fail,pass,pass,warn,pass,pass,fail,109.9,32391414,100,24538443,75.76,99.53,2853822,2795842,2832392,19746,1684,0,0.78,0.01,1.27,0.01,1.36,1878904,5.8,18447,0.06,0,18.28,0.11
VM1133,batch5,0,VM1133_ATTACTC-CCTATCC_R1.fastq.gz;VM1133_ATTACTC-CCTATCC_R2.fastq.gz,Conventional,Sanger,0,20,51,47,pass,fail,pass,pass,warn,pass,pass,fail,147.15,34458692,100,27971388,81.17,99.89,3462143,3388870,3435752,24281,2110,0,0.56,0.01,1.31,0.01,1.33,1959539,5.69,24312,0.07,0,12.93,0.14
VM1134,batch5,0,VM1134_ATTACTC-GGCTCTG_R1.fastq.gz;VM1134_ATTACTC-GGCTCTG_R2.fastq.gz,Conventional,Sanger,0,20,51,47,pass,fail,pass,pass,warn,pass,pass,fail,128.96,33315393,100,26321948,79.01,99.67,2817710,2756707,2796252,19663,1795,0,0.69,0.01,1.28,0.01,1.34,1847039,5.54,24110,0.07,0,15.23,0.15
VM1135,batch5,0,VM1135_ATTACTC-AGGCGAA_R1.fastq.gz;VM1135_ATTACTC-AGGCGAA_R2.fastq.gz,Conventional,Sanger,0,20,51,47,pass,fail,pass,pass,warn,pass,pass,fail,99.74,31473539,100,25157646,79.93,99.82,2776302,2716361,2754658,19977,1667,0,0.6,0.01,1.31,0.01,1.3,1816908,5.77,22724,0.07,0,14.07,0.15
VM1136,batch5,0,VM1136_ATTACTC-TAATCTT_R1.fastq.gz;VM1136_ATTACTC-TAATCTT_R2.fastq.gz,Conventional,Sanger,0,20,51,47,pass,fail,warn,pass,warn,pass,pass,fail,141.4,28280951,100,22096607,78.13,99.66,2078933,2033891,2063099,14568,1266,0,0.7,0.01,1.3,0.01,1.37,1527827,5.4,21771,0.08,0,16.23,0.15
VM1137,batch5,0,VM1137_ATTACTC-CAGGACG_R1.fastq.gz;VM1137_ATTACTC-CAGGACG_R2.fastq.gz,Conventional,Sanger,0,20,51,47,pass,fail,pass,pass,warn,pass,pass,fail,91.8,31542646,100,25061648,79.45,99.8,2746270,2689055,2724969,19564,1737,0,0.6,0.01,1.31,0.01,1.34,1696434,5.38,25099,0.08,0,14.94,0.15
VM1139,batch5,0,VM1139_ATTACTC-GTACTGA_R1.fastq.gz;VM1139_ATTACTC-GTACTGA_R2.fastq.gz,Conventional,Sanger,0,20,51,48,pass,fail,pass,pass,warn,pass,pass,fail,122.81,34830559,100,26727828,76.74,99.54,2878141,2816959,2855434,21002,1705,0,0.78,0.01,1.29,0.01,1.41,2015664,5.79,21008,0.06,0,17.3,0.12
VM1140,batch5,0,VM1140_TCCGGAG-TATAGCC_R1.fastq.gz;VM1140_TCCGGAG-TATAGCC_R2.fastq.gz,Conventional,Sanger,0,20,51,47,pass,fail,pass,pass,warn,pass,pass,fail,163.39,33403473,100,26414310,79.08,99.61,2512861,2457282,2493221,18006,1634,0,0.74,0.01,1.29,0.01,1.37,1745946,5.23,25801,0.08,0,15.46,0.15
VM1143,batch5,0,VM1143_TCCGGAG-ATAGAGG_R1.fastq.gz;VM1143_TCCGGAG-ATAGAGG_R2.fastq.gz,Conventional,Sanger,0,20,51,49,pass,fail,pass,pass,warn,pass,pass,fail,82.75,30940832,100,22812910,73.73,99.23,2143583,2089306,2127602,14618,1363,0,0.97,0.01,1.25,0.02,1.35,1673312,5.41,23585,0.08,0,20.65,0.13
VM1144,batch5,0,VM1144_TCCGGAG-CCTATCC_R1.fastq.gz;VM1144_TCCGGAG-CCTATCC_R2.fastq.gz,Conventional,Sanger,0,20,51,49,pass,fail,pass,pass,warn,pass,pass,fail,93.28,30653389,100,22857794,74.57,99.39,2160777,2110869,2144271,15213,1293,0,0.9,0.01,1.26,0.01,1.35,1756600,5.73,26212,0.09,0,19.47,0.14
VM1145,batch5,0,VM1145_TCCGGAG-GGCTCTG_R1.fastq.gz;VM1145_TCCGGAG-GGCTCTG_R2.fastq.gz,Conventional,Sanger,0,20,51,48,pass,fail,pass,pass,warn,pass,pass,fail,130.97,38490914,100,29145760,75.72,99.46,2812872,2744512,2791230,19907,1735,0,0.84,0.01,1.26,0.01,1.36,2230139,5.79,33076,0.09,0,18.25,0.15
VM1146,batch5,0,VM1146_TCCGGAG-AGGCGAA_R1.fastq.gz;VM1146_TCCGGAG-AGGCGAA_R2.fastq.gz,Conventional,Sanger,0,20,51,48,pass,fail,pass,pass,warn,pass,pass,fail,176.14,28721298,100,22351531,77.82,99.58,2597901,2539190,2578431,17880,1590,0,0.77,0.01,1.27,0.01,1.33,1694382,5.9,22538,0.08,0,16.07,0.13
VM1147,batch5,0,VM1147_TCCGGAG-TAATCTT_R1.fastq.gz;VM1147_TCCGGAG-TAATCTT_R2.fastq.gz,Conventional,Sanger,0,20,51,48,pass,fail,pass,pass,warn,pass,pass,fail,125.61,33356902,100,25678677,76.98,99.53,2847886,2788105,2825880,20237,1769,0,0.8,0.01,1.27,0.01,1.37,1937022,5.81,32483,0.1,0,16.95,0.16
VM1148,batch5,0,VM1148_TCCGGAG-CAGGACG_R1.fastq.gz;VM1148_TCCGGAG-CAGGACG_R2.fastq.gz,Conventional,Sanger,0,20,51,48,pass,fail,pass,pass,warn,pass,pass,fail,84.36,31753855,100,25127442,79.13,99.63,2698198,2634284,2676798,19778,1622,0,0.7,0.01,1.28,0.01,1.36,1836764,5.78,30411,0.1,0,14.82,0.17
VM1149,batch5,0,VM1149_TCCGGAG-GTACTGA_R1.fastq.gz;VM1149_TCCGGAG-GTACTGA_R2.fastq.gz,Conventional,Sanger,0,20,51,49,pass,fail,pass,pass,warn,pass,pass,fail,129.46,30243551,100,22605218,74.74,99.33,2617472,2560103,2597529,18433,1510,0,0.91,0.01,1.24,0.01,1.41,1952464,6.46,19490,0.06,0,18.63,0.11
VM1150,batch5,0,VM1150_CGCTCAT-TATAGCC_R1.fastq.gz;VM1150_CGCTCAT-TATAGCC_R2.fastq.gz,Conventional,Sanger,0,20,51,49,pass,fail,pass,pass,warn,pass,pass,fail,170.63,31235014,100,22568370,72.25,99.16,2596995,2544780,2577204,18232,1559,0,1.03,0.01,1.25,0.02,1.46,1885473,6.04,15407,0.05,0,21.57,0.09
VM1151,batch5,0,VM1151_CGCTCAT-ATAGAGG_R1.fastq.gz;VM1151_CGCTCAT-ATAGAGG_R2.fastq.gz,Conventional,Sanger,0,20,51,50,pass,fail,pass,pass,warn,pass,pass,fail,103.17,34017113,100,24711128,72.64,99.12,2319616,2262180,2302063,16085,1468,0,1.09,0.01,1.23,0.02,1.39,1911629,5.62,21887,0.06,0,21.57,0.11
VM1154,batch5,0,VM1154_CGCTCAT-CCTATCC_R1.fastq.gz;VM1154_CGCTCAT-CCTATCC_R2.fastq.gz,Conventional,Sanger,0,20,51,49,pass,fail,pass,pass,warn,pass,pass,fail,100.6,28251855,100,20276633,71.77,99.23,1812395,1771474,1798491,12765,1139,0,1.02,0.01,1.29,0.02,1.41,1552825,5.5,18004,0.06,0,22.55,0.11
VM1156,batch5,0,VM1156_CGCTCAT-GGCTCTG_R1.fastq.gz;VM1156_CGCTCAT-GGCTCTG_R2.fastq.gz,Conventional,Sanger,0,20,51,50,pass,fail,pass,pass,warn,pass,pass,fail,122.42,29550077,100,20864851,70.61,99.01,2267664,2214628,2250353,15979,1332,0,1.1,0.01,1.28,0.02,1.56,1782853,6.03,14721,0.05,0,23.23,0.08
VM1157,batch5,0,VM1157_CGCTCAT-AGGCGAA_R1.fastq.gz;VM1157_CGCTCAT-AGGCGAA_R2.fastq.gz,Conventional,Sanger,0,20,51,50,pass,fail,pass,pass,warn,pass,pass,fail,128.02,29550892,100,21110358,71.44,99.14,2278919,2223953,2261562,16125,1232,0,1.07,0.01,1.28,0.02,1.43,1806475,6.11,15206,0.05,0,22.31,0.09
VM1158,batch5,0,VM1158_CGCTCAT-TAATCTT_R1.fastq.gz;VM1158_CGCTCAT-TAATCTT_R2.fastq.gz,Conventional,Sanger,0,20,51,49,pass,fail,pass,pass,warn,pass,pass,fail,76.78,30604948,100,22125216,72.29,99.33,2416668,2366216,2398506,16594,1568,0,0.94,0.02,1.31,0.02,1.46,1655021,5.41,17642,0.06,0,22.13,0.11
VM1159,batch5,0,VM1159_CGCTCAT-CAGGACG_R1.fastq.gz;VM1159_CGCTCAT-CAGGACG_R2.fastq.gz,Conventional,Sanger,0,20,51,49,pass,fail,pass,pass,warn,pass,pass,fail,123.09,33062138,100,24395546,73.79,99.3,2525490,2453281,2507229,16804,1457,0,0.94,0.01,1.31,0.01,1.46,1916449,5.8,21779,0.07,0,20.24,0.11
VM1161,batch5,0,VM1161_CGCTCAT-GTACTGA_R1.fastq.gz;VM1161_CGCTCAT-GTACTGA_R2.fastq.gz,Conventional,Sanger,0,20,51,50,pass,fail,pass,pass,warn,pass,pass,fail,103.94,28207381,100,19653472,69.67,99.04,2090816,2037483,2075490,14147,1179,0,1.09,0.01,1.3,0.02,1.48,1680814,5.96,12947,0.05,0,24.25,0.07
VM1162,batch5,0,VM1162_GAGATTC-TATAGCC_R1.fastq.gz;VM1162_GAGATTC-TATAGCC_R2.fastq.gz,Conventional,Sanger,0,20,51,50,pass,fail,pass,pass,warn,pass,pass,fail,108.77,33477524,100,22885277,68.36,98.85,2235762,2185992,2219638,14784,1340,0,1.21,0.01,1.27,0.02,1.41,1932475,5.77,16029,0.05,0,25.74,0.08
VM1164,batch5,0,VM1164_GAGATTC-ATAGAGG_R1.fastq.gz;VM1164_GAGATTC-ATAGAGG_R2.fastq.gz,Conventional,Sanger,0,20,51,50,pass,fail,pass,pass,warn,pass,pass,fail,122.45,28504144,100,19833225,69.58,99.06,1851802,1808485,1837923,12782,1097,0,1.08,0.01,1.29,0.02,1.38,1705803,5.98,15988,0.06,0,24.28,0.1
VM1165,batch5,0,VM1165_GAGATTC-CCTATCC_R1.fastq.gz;VM1165_GAGATTC-CCTATCC_R2.fastq.gz,Conventional,Sanger,0,20,51,49,pass,fail,pass,pass,warn,pass,pass,fail,122.9,27310828,100,19223332,70.39,99.16,1840334,1799658,1826416,12805,1113,0,1.02,0.01,1.3,0.02,1.46,1578462,5.78,14388,0.05,0,23.69,0.09
VM1167,batch5,0,VM1167_GAGATTC-GGCTCTG_R1.fastq.gz;VM1167_GAGATTC-GGCTCTG_R2.fastq.gz,Conventional,Sanger,0,20,51,49,pass,fail,pass,pass,warn,pass,pass,fail,124.02,28144637,100,19761012,70.21,99.02,2021677,1976154,2006483,13892,1302,0,1.06,0.01,1.29,0.02,1.49,1589809,5.65,13246,0.05,0,24,0.09
VM1168,batch5,0,VM1168_ATTCAGA-TATAGCC_R1.fastq.gz;VM1168_ATTCAGA-TATAGCC_R2.fastq.gz,Conventional,Sanger,0,20,51,47,pass,fail,pass,pass,warn,pass,pass,fail,97.91,29045574,100,23051564,79.36,99.94,3091279,3029778,3068178,21075,2026,0,0.52,0.02,1.4,0.01,1.28,1856657,6.39,27440,0.09,0,14,0.15
VM1169,batch5,0,VM1169_ATTCAGA-ATAGAGG_R1.fastq.gz;VM1169_ATTCAGA-ATAGAGG_R2.fastq.gz,Conventional,Sanger,0,20,51,47,pass,fail,warn,pass,warn,pass,pass,fail,137.97,29241207,100,24203195,82.77,100.01,3425356,3362133,3399626,23665,2065,0,0.51,0.01,1.4,0.01,1.32,1893760,6.48,24323,0.08,0,10.53,0.14
VM1172,batch5,0,VM1172_ATTCAGA-CCTATCC_R1.fastq.gz;VM1172_ATTCAGA-CCTATCC_R2.fastq.gz,Conventional,Sanger,0,20,51,47,pass,fail,warn,pass,warn,pass,pass,fail,164.89,31787663,100,26868417,84.52,100.12,3679008,3607734,3650857,25905,2246,0,0.45,0.01,1.4,0.01,1.29,2142756,6.74,28288,0.09,0,8.49,0.15
VM1174,batch5,0,VM1174_ATTCAGA-GGCTCTG_R1.fastq.gz;VM1174_ATTCAGA-GGCTCTG_R2.fastq.gz,Conventional,Sanger,0,20,51,48,pass,fail,fail,pass,warn,pass,pass,fail,143.8,31195824,100,24700334,79.18,99.81,3673924,3601735,3647058,24580,2286,0,0.64,0.01,1.37,0.01,1.39,2187092,7.01,22322,0.07,0,13.63,0.11
VM1175,batch5,0,VM1175_ATTCAGA-AGGCGAA_R1.fastq.gz;VM1175_ATTCAGA-AGGCGAA_R2.fastq.gz,Conventional,Sanger,0,20,51,47,pass,fail,warn,pass,warn,pass,pass,fail,149.99,30581893,100,25485838,83.34,100.1,4191051,4114332,4159124,29495,2432,0,0.45,0.01,1.4,0.01,1.3,2250255,7.36,24919,0.08,0,9.09,0.13
VM1176,batch5,0,VM1176_ATTCAGA-TAATCTT_R1.fastq.gz;VM1176_ATTCAGA-TAATCTT_R2.fastq.gz,Conventional,Sanger,0,20,51,46,pass,fail,pass,pass,warn,pass,pass,fail,173.9,39127703,100,33122085,84.65,100.15,4580091,4465941,4546351,31077,2663,0,0.43,0.02,1.42,0.01,1.31,2463629,6.3,37589,0.1,0,8.8,0.15
VM1191,batch5,0,VM1191_ATTCAGA-CAGGACG_R1.fastq.gz;VM1191_ATTCAGA-CAGGACG_R2.fastq.gz,Conventional,Sanger,0,20,51,47,pass,fail,warn,pass,warn,pass,pass,fail,142.06,38632012,100,32858242,85.05,100.13,5244098,5146038,5203182,37859,3057,0,0.42,0.01,1.41,0.01,1.35,2535147,6.56,30466,0.08,0,8.18,0.12
VM1192,batch5,0,VM1192_ATTCAGA-GTACTGA_R1.fastq.gz;VM1192_ATTCAGA-GTACTGA_R2.fastq.gz,Conventional,Sanger,0,20,51,47,pass,fail,pass,pass,warn,pass,pass,fail,171.6,37704002,100,31102170,82.49,99.91,4303807,4213725,4270705,30413,2689,0,0.52,0.01,1.39,0.01,1.37,2320272,6.15,25564,0.07,0,11.16,0.12
VM1193,batch5,0,VM1193_GAATTCG-TATAGCC_R1.fastq.gz;VM1193_GAATTCG-TATAGCC_R2.fastq.gz,Conventional,Sanger,0,20,51,47,pass,fail,warn,pass,warn,pass,pass,fail,117.9,33633643,100,27642922,82.19,100.04,3892276,3811304,3862588,27426,2262,0,0.5,0.01,1.39,0.01,1.32,2120725,6.31,26484,0.08,0,11.29,0.13
VM1195,batch5,0,VM1195_GAATTCG-ATAGAGG_R1.fastq.gz;VM1195_GAATTCG-ATAGAGG_R2.fastq.gz,Conventional,Sanger,0,20,51,50,pass,fail,fail,pass,warn,pass,pass,fail,126.91,29189854,100,22278071,76.32,99.91,3906652,3833257,3878329,25974,2349,0,0.62,0.01,1.37,0.01,1.33,2619046,8.97,20837,0.07,0,14.54,0.1
VM1196,batch5,0,VM1196_GAATTCG-CCTATCC_R1.fastq.gz;VM1196_GAATTCG-CCTATCC_R2.fastq.gz,Conventional,Sanger,0,20,51,47,pass,fail,warn,pass,warn,pass,pass,fail,209.39,31408077,100,26067320,83,100.04,4113480,4026552,4081488,29574,2418,0,0.49,0.01,1.39,0.01,1.33,2262058,7.2,28114,0.09,0,9.58,0.13
VM1197,batch5,0,VM1197_GAATTCG-GGCTCTG_R1.fastq.gz;VM1197_GAATTCG-GGCTCTG_R2.fastq.gz,Conventional,Sanger,0,20,51,48,pass,fail,pass,pass,warn,pass,pass,fail,124.81,31028482,100,24804326,79.94,99.81,3575561,3502443,3548988,24401,2172,0,0.65,0.01,1.36,0.01,1.36,1945175,6.27,21505,0.07,0,13.61,0.11
VM1198,batch5,0,VM1198_GAATTCG-AGGCGAA_R1.fastq.gz;VM1198_GAATTCG-AGGCGAA_R2.fastq.gz,Conventional,Sanger,0,20,51,48,pass,fail,pass,pass,warn,pass,pass,fail,100.69,31243032,100,24913504,79.74,99.97,3960916,3880733,3931656,26813,2447,0,0.55,0.01,1.38,0.01,1.33,2071065,6.63,20341,0.07,0,13.46,0.11
VM1199,batch5,0,VM1199_GAATTCG-TAATCTT_R1.fastq.gz;VM1199_GAATTCG-TAATCTT_R2.fastq.gz,Conventional,Sanger,0,20,51,47,pass,fail,warn,pass,warn,pass,pass,fail,143.3,29853194,100,25028194,83.84,100.15,4181728,4108586,4150044,29170,2514,0,0.46,0.01,1.39,0.01,1.32,2016031,6.75,21937,0.07,0,9.21,0.13
VM1200,batch5,0,VM1200_GAATTCG-CAGGACG_R1.fastq.gz;VM1200_GAATTCG-CAGGACG_R2.fastq.gz,Conventional,Sanger,0,20,51,48,pass,fail,warn,pass,warn,pass,pass,fail,104.06,36507941,100,30144249,82.57,100.14,4713864,4623036,4679693,31487,2684,0,0.45,0.01,1.4,0.01,1.3,2806863,7.69,33119,0.09,0,9.51,0.14
VM1202,batch5,0,VM1202_GAATTCG-GTACTGA_R1.fastq.gz;VM1202_GAATTCG-GTACTGA_R2.fastq.gz,Conventional,Sanger,0,20,51,46,pass,fail,pass,pass,warn,pass,pass,fail,156.66,36248270,100,30706842,84.71,100.07,3578107,3509404,3549115,26666,2326,0,0.46,0.01,1.4,0.01,1.34,1828101,5.04,42087,0.12,0,9.93,0.2
VM1203,batch5,0,VM1203_CTGAAGC-TATAGCC_R1.fastq.gz;VM1203_CTGAAGC-TATAGCC_R2.fastq.gz,Conventional,Sanger,0,20,51,48,pass,fail,pass,pass,warn,pass,pass,fail,123.92,26642696,100,21138221,79.34,99.78,2808951,2748234,2788060,19188,1703,0,0.68,0.01,1.35,0.01,1.37,1634025,6.13,22841,0.09,0,14.31,0.13
VM1204,batch5,0,VM1204_CTGAAGC-ATAGAGG_R1.fastq.gz;VM1204_CTGAAGC-ATAGAGG_R2.fastq.gz,Conventional,Sanger,0,20,51,48,pass,fail,pass,pass,warn,pass,pass,fail,150.93,31317580,100,25372103,81.02,99.85,3646086,3567688,3619305,24654,2127,0,0.6,0.01,1.36,0.01,1.36,1967825,6.28,23588,0.08,0,12.51,0.11
VM1205,batch5,0,VM1205_CTGAAGC-CCTATCC_R1.fastq.gz;VM1205_CTGAAGC-CCTATCC_R2.fastq.gz,Conventional,Sanger,0,20,51,47,pass,fail,warn,pass,warn,pass,pass,fail,160.69,28700717,100,24171395,84.22,100.15,3273610,3206553,3248792,22849,1969,0,0.42,0.01,1.42,0.01,1.27,1813190,6.32,26492,0.09,0,9.22,0.15
VM1206,batch5,0,VM1206_CTGAAGC-GGCTCTG_R1.fastq.gz;VM1206_CTGAAGC-GGCTCTG_R2.fastq.gz,Conventional,Sanger,0,20,51,47,pass,fail,warn,pass,warn,pass,pass,fail,174.27,30981130,100,25887034,83.56,99.99,3598993,3526918,3571423,25378,2192,0,0.5,0.01,1.4,0.01,1.29,1910679,6.17,30942,0.1,0,10.03,0.15
VM1207,batch5,0,VM1207_CTGAAGC-AGGCGAA_R1.fastq.gz;VM1207_CTGAAGC-AGGCGAA_R2.fastq.gz,Conventional,Sanger,0,20,51,49,pass,fail,fail,pass,warn,pass,pass,fail,109.81,28244785,100,21791033,77.15,99.89,3638382,3561465,3612114,24023,2245,0,0.58,0.01,1.39,0.01,1.3,2227370,7.89,26208,0.09,0,14.76,0.11
VM1208,batch5,0,VM1208_CTGAAGC-TAATCTT_R1.fastq.gz;VM1208_CTGAAGC-TAATCTT_R2.fastq.gz,Conventional,Sanger,0,20,51,47,pass,fail,warn,pass,warn,pass,pass,fail,101.53,29867128,100,25058939,83.9,100.11,3757159,3689502,3728332,26539,2288,0,0.45,0.01,1.39,0.01,1.3,1857986,6.22,26818,0.09,0,9.65,0.14
VM1209,batch5,0,VM1209_CTGAAGC-CAGGACG_R1.fastq.gz;VM1209_CTGAAGC-CAGGACG_R2.fastq.gz,Conventional,Sanger,0,20,51,48,pass,fail,pass,pass,warn,pass,pass,fail,142.99,25937482,100,19842115,76.5,99.69,2185368,2133857,2168762,15328,1278,0,0.69,0.01,1.37,0.01,1.33,1311478,5.06,19949,0.08,0,18.23,0.13
VM1210,batch5,0,VM1210_CTGAAGC-GTACTGA_R1.fastq.gz;VM1210_CTGAAGC-GTACTGA_R2.fastq.gz,Conventional,Sanger,0,20,51,47,pass,fail,warn,pass,warn,pass,pass,fail,106.2,22626389,100,18260658,80.71,99.93,2275836,2228372,2258382,16145,1309,0,0.55,0.01,1.39,0.01,1.31,1214918,5.37,20657,0.09,0,13.69,0.14
VM1211,batch5,0,VM1211_TAATGCG-TATAGCC_R1.fastq.gz;VM1211_TAATGCG-TATAGCC_R2.fastq.gz,Conventional,Sanger,0,20,51,49,pass,fail,pass,pass,warn,pass,pass,fail,121.99,27988997,100,20566534,73.48,99.25,2026833,1973072,2011314,14258,1261,0,1,0.01,1.31,0.02,1.46,1768832,6.32,19144,0.07,0,20.02,0.11
VM1212,batch5,0,VM1212_TAATGCG-ATAGAGG_R1.fastq.gz;VM1212_TAATGCG-ATAGAGG_R2.fastq.gz,Conventional,Sanger,0,20,51,48,pass,fail,pass,pass,warn,pass,pass,fail,115.7,31400929,100,24122734,76.82,99.62,2593139,2537217,2572464,19193,1482,0,0.73,0.01,1.33,0.01,1.33,1873059,5.96,31819,0.1,0,16.95,0.17
VM1213,batch5,0,VM1213_TAATGCG-CCTATCC_R1.fastq.gz;VM1213_TAATGCG-CCTATCC_R2.fastq.gz,Conventional,Sanger,0,20,51,48,pass,fail,pass,pass,warn,pass,pass,fail,172.59,19991429,100,15092482,75.49,99.46,1732794,1693076,1720001,11722,1071,0,0.88,0.01,1.34,0.01,1.41,1033132,5.17,13582,0.07,0,19.17,0.1
VM1214,batch5,0,VM1214_TAATGCG-GGCTCTG_R1.fastq.gz;VM1214_TAATGCG-GGCTCTG_R2.fastq.gz,Conventional,Sanger,0,20,51,47,pass,fail,pass,pass,warn,pass,pass,fail,128.21,24930502,100,20128678,80.74,99.84,2143363,2092221,2125967,16062,1334,0,0.6,0.01,1.38,0.01,1.29,1269748,5.09,26599,0.11,0,13.89,0.17